method,seed,step,mean_return,std_return,min_return,max_return,n_eval_episodes,J0,improvement,norm_improvement,J_ref
base,0,0,1445.8852444518127,1030.0083444520571,576.7142085198221,3750.6536617006677,10,1445.8852444518127,0.0,0.0,10655.36453116767
base,0,32768,2547.4248314793817,1813.3104379793574,658.1492963367879,5503.770154531219,10,1445.8852444518127,1101.539587027569,0.11960932346054211,10655.36453116767
base,0,57344,2275.8907096063963,1514.7237370952075,485.41598213693646,4693.51550833743,10,1445.8852444518127,830.0054651545836,0.09012512425775183,10655.36453116767
base,0,81920,2258.410397646444,1715.053269645707,472.7359824680965,5492.431596134751,10,1445.8852444518127,812.5251531946312,0.08822704604791552,10655.36453116767
base,0,106496,2137.0548117356293,1737.6688290306809,643.6521078729785,6442.219921493786,10,1445.8852444518127,691.1695672838166,0.07504979876611906,10655.36453116767
base,0,131072,1620.4998055088201,1530.2248766645462,466.74742413888487,4698.496919266838,10,1445.8852444518127,174.61456105700745,0.0189603077005579,10655.36453116767
base,0,155648,3581.1531034363666,1200.3815588723774,1607.4076036882987,5158.935197546095,10,1445.8852444518127,2135.2678589845536,0.23185543854066742,10655.36453116767
base,0,180224,2866.1058022245966,1677.0674232838153,602.889988047041,5100.363857653031,10,1445.8852444518127,1420.2205577727839,0.15421290535580628,10655.36453116767
base,0,204800,2485.85811821015,1482.1373515669682,679.3242740558721,6189.816753265778,10,1445.8852444518127,1039.9728737583375,0.11292417749888575,10655.36453116767
base,0,229376,2750.7343745697704,1101.5708787454573,568.6832029162455,4292.282101248899,10,1445.8852444518127,1304.8491301179577,0.14168544055019938,10655.36453116767
base,0,253952,3687.003560854617,1427.537837612606,1577.244353205772,6071.815360937723,10,1445.8852444518127,2241.1183164028043,0.24334908048407677,10655.36453116767
base,0,278528,3264.8892364985995,1528.0264686833943,781.0061270382475,5489.303664415743,10,1445.8852444518127,1819.0039920467868,0.19751431489433727,10655.36453116767
base,0,303104,3286.123630761003,1503.3341587894583,476.2512006279221,4984.1266861597205,10,1445.8852444518127,1840.2383863091902,0.19982002552129172,10655.36453116767
base,0,327680,3110.741243120575,1305.7887323106847,634.634895865469,4295.829865752806,10,1445.8852444518127,1664.8559986687621,0.18077634431399878,10655.36453116767
base,0,352256,3310.36412650063,1616.6232959207791,485.7851734865385,5422.227939938845,10,1445.8852444518127,1864.4788820488172,0.20245214998591377,10655.36453116767
base,0,376832,2471.376394331194,1633.2033933467692,517.7185748504527,5030.368241179835,10,1445.8852444518127,1025.4911498793815,0.11135169729381351,10655.36453116767
base,0,401408,2463.8023359365316,1725.9883952295452,572.7379640753253,4749.158775916166,10,1445.8852444518127,1017.9170914847189,0.11052927746332805,10655.36453116767
base,0,425984,2446.852748628089,1402.4640809139796,634.1086461742304,4167.178729518052,10,1445.8852444518127,1000.9675041762764,0.10868882733809124,10655.36453116767
base,0,450560,2850.0683560775256,1633.7031840355419,528.0191519401532,5230.472686195516,10,1445.8852444518127,1404.1831116257129,0.15247149895854528,10655.36453116767
base,0,475136,3347.93273192413,1228.3511098362264,662.8604302061258,4887.263694262415,10,1445.8852444518127,1902.0474874723175,0.20653149087477504,10655.36453116767
base,0,499712,3580.233531697192,1214.576457299248,1295.4241319157848,6129.089435928033,10,1445.8852444518127,2134.3482872453797,0.23175558797252502,10655.36453116767
base,1,0,2520.1128471325305,1912.743123346043,517.1677002673508,6231.225885974204,10,2520.1128471325305,0.0,0.0,10655.36453116767
base,1,32768,2575.2031993654773,1326.5428774653337,404.8874626517085,4896.7943994116695,10,2520.1128471325305,55.09035223294677,0.006771806744994246,10655.36453116767
base,1,57344,3625.4542546765297,2011.8091047067799,418.7364101256264,7257.676702232816,10,2520.1128471325305,1105.3414075439991,0.1358705852428983,10655.36453116767
base,1,81920,3717.519085330224,2303.7863868427235,491.178668747809,7927.173729475237,10,2520.1128471325305,1197.4062381976933,0.14718736242670052,10655.36453116767
base,1,106496,3530.0996468798976,1589.8818435705962,680.4624781627689,5575.932270148351,10,2520.1128471325305,1009.9867997473671,0.12414942264235608,10655.36453116767
base,1,131072,3358.9007503959206,1386.7734073183112,637.5560780458201,4813.193121701661,10,2520.1128471325305,838.78790326339,0.10310534151098816,10655.36453116767
base,1,155648,4738.301645548574,1294.5452084257956,3369.5334619882374,7700.0897421084,10,2520.1128471325305,2218.1887984160435,0.2726638196696999,10655.36453116767
base,1,180224,4065.281589152055,1454.7740079144987,834.8035775581632,5567.073400357404,10,2520.1128471325305,1545.1687420195244,0.18993496474877042,10655.36453116767
base,1,204800,3325.8310971869164,1165.889354310791,1369.180034022531,5287.412813245678,10,2520.1128471325305,805.7182500543859,0.09904035932121324,10655.36453116767
base,1,229376,2503.913158537425,1436.8486227075462,750.1162288125001,5500.315276780497,10,2520.1128471325305,-16.199688595105727,-0.0019912953184847595,10655.36453116767
base,1,253952,3541.24936495894,1189.0119176320995,1529.5617590300494,5382.422522046264,10,2520.1128471325305,1021.1365178264095,0.12551996635885257,10655.36453116767
base,1,278528,2599.5986237491775,2233.1735915580516,583.9503259744313,6769.131598277179,10,2520.1128471325305,79.48577661664694,0.009770536879991267,10655.36453116767
base,1,303104,4617.465236752947,1396.5886462423728,2518.081532478066,7294.881773199167,10,2520.1128471325305,2097.3523896204165,0.25781038753582913,10655.36453116767
base,1,327680,2451.2157746074395,1494.7240070414941,573.6762921638827,5678.926180935561,10,2520.1128471325305,-68.89707252509106,-0.008468954027793359,10655.36453116767
base,1,352256,2586.5567413189183,1262.9836264782118,819.2252205332104,4399.036197580073,10,2520.1128471325305,66.44389418638775,0.008167404864512283,10655.36453116767
base,1,376832,3371.432144768956,1356.1356884811448,1591.5569698727238,5976.640700564962,10,2520.1128471325305,851.3192976364253,0.10464572340182589,10655.36453116767
base,1,401408,2423.582425585276,1182.710847105138,767.5927327854333,4635.708925816749,10,2520.1128471325305,-96.53042154725472,-0.011865695774947343,10655.36453116767
base,1,425984,2945.8606972204043,1950.2343082333073,830.8623189541975,6242.626381899758,10,2520.1128471325305,425.74785008787376,0.05233370356212092,10655.36453116767
base,1,450560,2965.2358980072627,1540.8923144089501,1064.339328812137,5254.624945918878,10,2520.1128471325305,445.12305087473214,0.05471533864078717,10655.36453116767
base,1,475136,3099.1783605253745,1734.051188048323,957.9245004713109,6320.379262538058,10,2520.1128471325305,579.065513392844,0.0711797908426164,10655.36453116767
base,1,499712,2827.9420940465106,1145.85885979097,651.1734278609679,4452.267822739088,10,2520.1128471325305,307.8292469139801,0.037838933426022264,10655.36453116767
base,2,0,2887.2530918487705,1833.5120887081366,452.0379242689504,4973.002441645432,10,2887.2530918487705,0.0,0.0,10655.36453116767
base,2,32768,2706.5991688328354,1542.129991901386,479.09319697874236,4883.86921172791,10,2887.2530918487705,-180.6539230159351,-0.023255835656307063,10655.36453116767
base,2,57344,3292.5899093305716,1592.5720480400778,301.2292758472043,5610.607703317427,10,2887.2530918487705,405.33681748180106,0.052179583235376574,10655.36453116767
base,2,81920,3161.8809258693623,941.3489924215382,1291.733253419635,4301.689320622346,10,2887.2530918487705,274.62783402059176,0.035353230464123926,10655.36453116767
base,2,106496,1989.4903951005704,1055.616308969873,578.3135781749695,3777.061192033033,10,2887.2530918487705,-897.7626967482001,-0.11557026487654826,10655.36453116767
base,2,131072,3093.5800923026973,1210.1042233161095,1214.4661569277605,4476.407838587909,10,2887.2530918487705,206.32700045392676,0.02656076731636802,10655.36453116767
base,2,155648,2034.3437293213028,1175.0712598066548,558.7733269114233,4403.4478373648435,10,2887.2530918487705,-852.9093625274677,-0.10979623156544902,10655.36453116767
base,2,180224,3258.439948748467,1662.7142232023,614.4145873535914,6941.344304707533,10,2887.2530918487705,371.1868568996965,0.04778341038892953,10655.36453116767
base,2,204800,2316.6941607905283,1242.4937316482533,597.4840273387637,3972.5493223796716,10,2887.2530918487705,-570.5589310582423,-0.07344886018200833,10655.36453116767
base,2,229376,3017.3678939695797,809.6644211337132,1977.5550172727155,4271.290597539083,10,2887.2530918487705,130.11480212080914,0.016749862964822195,10655.36453116767
base,2,253952,2639.0718484540885,1498.7520480659246,869.7517169873207,4552.062238310153,10,2887.2530918487705,-248.18124339468204,-0.03194872335462963,10655.36453116767
base,2,278528,1916.0314918594408,1223.810493651618,629.35694993224,4043.9093906876474,10,2887.2530918487705,-971.2215999893297,-0.12502673364704697,10655.36453116767
base,2,303104,2895.813635870828,1544.591430769686,972.9073751324125,5213.564879787516,10,2887.2530918487705,8.560544022057456,0.0011020109698253793,10655.36453116767
base,2,327680,3020.2782265222627,1365.227846111735,627.8120817196517,5035.205929609739,10,2887.2530918487705,133.02513467349218,0.0171245142008456,10655.36453116767
base,2,352256,3031.754205888615,1281.73614963406,752.5077369480888,5269.295400509423,10,2887.2530918487705,144.50111403984465,0.018601833296293765,10655.36453116767
base,2,376832,2710.350192198469,899.9606842217601,699.6227254641732,3868.5569903692253,10,2887.2530918487705,-176.9028996503016,-0.022772961099929753,10655.36453116767
base,2,401408,2622.5815144338726,1440.1424649591477,807.0321944833527,5383.498961240527,10,2887.2530918487705,-264.6715774148979,-0.03407154743444727,10655.36453116767
base,2,425984,2556.1809884784916,1184.6086158546732,863.353429704261,4276.800573234326,10,2887.2530918487705,-331.0721033702789,-0.04261938128898516,10655.36453116767
base,2,450560,3692.8516890632754,999.7614038192017,2378.2739416402324,5818.359666608751,10,2887.2530918487705,805.5985972145049,0.10370584966549258,10655.36453116767
base,2,475136,3318.9634751690646,1792.9487017873946,969.3437802972348,7115.908775432751,10,2887.2530918487705,431.7103833202941,0.05557468976044599,10655.36453116767
base,2,499712,2362.4222599321192,1031.5974755756654,633.8964635874311,4005.201786717959,10,2887.2530918487705,-524.8308319166513,-0.06756221714233102,10655.36453116767
snp,0,0,2601.091022360059,1103.3737524212484,897.5382131687477,4432.407403775776,10,2601.091022360059,0.0,0.0,10655.36453116767
snp,0,32768,2228.800918114134,1055.2594009398572,753.94211965306,4598.5688143242405,10,2601.091022360059,-372.2901042459248,-0.046222679648585396,10655.36453116767
snp,0,57344,2521.7232682305653,704.5532961982411,1344.814384754111,3716.6437383645475,10,2601.091022360059,-79.36775412949373,-0.009854117076214058,10655.36453116767
snp,0,81920,3160.9506070760485,1785.142649723838,474.0356078987403,6675.55970196912,10,2601.091022360059,559.8595847159895,0.06951087320715565,10655.36453116767
snp,0,106496,4215.454032661373,2515.9525614192266,1052.8406159196684,9848.614512658298,10,2601.091022360059,1614.3630103013143,0.20043558346206145,10655.36453116767
snp,0,131072,2400.384715778223,1186.2713457323805,579.1943139942168,3829.3753840512563,10,2601.091022360059,-200.7063065818361,-0.024919231552968487,10655.36453116767
snp,0,155648,3380.3264225242083,1494.43728034871,1527.3747315609996,5926.976233513027,10,2601.091022360059,779.2354001641493,0.09674806786922269,10655.36453116767
snp,0,180224,2840.303597773858,1132.1151112032096,1043.7766300933006,4243.841235942186,10,2601.091022360059,239.2125754137992,0.029700080972233228,10655.36453116767
snp,0,204800,3445.410153900836,912.6673586379275,2108.2174188825893,4903.624437298231,10,2601.091022360059,844.3191315407771,0.10482871366519374,10655.36453116767
snp,0,229376,3025.620830942327,1429.1838345545204,940.8071170070831,5350.865707734445,10,2601.091022360059,424.52980858226783,0.052708640706740584,10655.36453116767
snp,0,253952,3901.2361876409777,1087.2802802578929,2044.8824248681642,5769.288339418767,10,2601.091022360059,1300.1451652809187,0.16142302141810114,10655.36453116767
snp,0,278528,3987.8062527951383,1275.8509257369908,1414.394366280025,5837.964084112531,10,2601.091022360059,1386.7152304350793,0.17217136079951711,10655.36453116767
snp,0,303104,3359.114872401287,1594.4903498388467,596.2518611313268,6154.462823831985,10,2601.091022360059,758.0238500412279,0.09411449078780221,10655.36453116767
snp,0,327680,3643.2667660261527,1542.0527453460275,2160.2808213733924,7863.647044882319,10,2601.091022360059,1042.1757436660937,0.12939413373497266,10655.36453116767
snp,0,352256,2600.1838189424634,1191.1660821171547,622.2720401786975,4375.083317361638,10,2601.091022360059,-0.9072034175956105,-0.00011263628140898339,10655.36453116767
snp,0,376832,3198.982155550809,593.7825618715468,2260.278412883288,4021.9473168929353,10,2601.091022360059,597.8911331907498,0.07423278244309725,10655.36453116767
snp,0,401408,2811.713736975406,887.4899983868867,1059.2957000936444,3876.035826508995,10,2601.091022360059,210.62271461534692,0.026150429875379032,10655.36453116767
snp,0,425984,3413.8526479757084,786.7400155289247,2184.8196441601362,4790.3957789547385,10,2601.091022360059,812.7616256156493,0.10091060660231581,10655.36453116767
snp,0,450560,3120.7236400428387,569.445414503524,1970.609290078409,3971.1406780971874,10,2601.091022360059,519.6326176827797,0.06451638587267096,10655.36453116767
snp,0,475136,3097.1534692335836,575.6149762674534,2228.7265138665916,4073.164785484937,10,2601.091022360059,496.06244687352455,0.06158996789337661,10655.36453116767
snp,0,499712,3355.7938407861357,1099.3156420751543,992.8274118872079,4971.006902397368,10,2601.091022360059,754.7028184260766,0.09370215917141157,10655.36453116767
snp,1,0,1982.6582280155012,1614.601126617619,471.5147456108769,5607.962709649542,10,1982.6582280155012,0.0,0.0,10655.36453116767
snp,1,32768,1109.1829363470517,708.1797690178139,301.08609167762296,2316.155605821471,10,1982.6582280155012,-873.4752916684495,-0.10071542388680475,10655.36453116767
snp,1,57344,1739.8166950717866,1487.0901618051048,420.47355659756124,5131.137621083967,10,1982.6582280155012,-242.84153294371458,-0.028000663740619363,10655.36453116767
snp,1,81920,2583.522021851949,1492.9633488394204,1240.437130735351,5413.9771077689675,10,1982.6582280155012,600.8637938364477,0.06928215631477991,10655.36453116767
snp,1,106496,1812.4613455768692,893.9293573253665,447.05400953798124,3088.3362470981037,10,1982.6582280155012,-170.19688243863197,-0.01962442592540555,10655.36453116767
snp,1,131072,1252.3900999299508,473.80254696456683,730.4401652407505,2388.0662699269906,10,1982.6582280155012,-730.2681280855504,-0.08420302757582432,10655.36453116767
snp,1,155648,908.5204153533072,181.01295845325495,653.8630913138937,1365.7628439805774,10,1982.6582280155012,-1074.137812662194,-0.12385266778236648,10655.36453116767
snp,1,180224,1483.9992340615609,423.7538487183222,965.3003779000778,2375.3922636719826,10,1982.6582280155012,-498.65899395394035,-0.057497507290798146,10655.36453116767
snp,1,204800,1916.3435126193465,1404.100284271812,832.9107253374008,5890.474980148102,10,1982.6582280155012,-66.31471539615472,-0.0076463693189293995,10655.36453116767
snp,1,229376,1115.8377591848164,445.62358393135037,591.3377324023359,1674.8792239558522,10,1982.6582280155012,-866.8204688306848,-0.09994809445071183,10655.36453116767
snp,1,253952,1162.221077437436,525.2105044001072,354.2461270195227,1898.8733149605944,10,1982.6582280155012,-820.4371505780653,-0.09459990017017762,10655.36453116767
snp,1,278528,1393.8854351863597,1233.4681089290027,589.0535073218798,4955.568209095871,10,1982.6582280155012,-588.7727928291415,-0.06788801236671177,10655.36453116767
snp,1,303104,966.7289686676479,441.4919794989124,510.5389212882019,2092.0271957483146,10,1982.6582280155012,-1015.9292593478533,-0.1171409734999863,10655.36453116767
snp,1,327680,1083.227993278241,634.2417777933396,433.4212428925167,2791.996918986521,10,1982.6582280155012,-899.4302347372602,-0.10370813944277653,10655.36453116767
snp,1,352256,1353.8892080863661,849.7648469708611,286.589172300668,2848.3393304700016,10,1982.6582280155012,-628.7690199291351,-0.07249974781552374,10655.36453116767
snp,1,376832,1384.3763883117815,838.5191160541136,332.1886693841297,2792.993831233546,10,1982.6582280155012,-598.2818397037197,-0.0689844459989709,10655.36453116767
snp,1,401408,1691.6905953586697,895.1497523659933,690.0133306058117,3667.094731131061,10,1982.6582280155012,-290.9676326568315,-0.03354980815129494,10655.36453116767
snp,1,425984,1379.2951436479464,706.6426211534302,658.6034659848644,2974.975383073782,10,1982.6582280155012,-603.3630843675548,-0.06957033516500923,10655.36453116767
snp,1,450560,1163.7058572653648,630.8138655073066,369.776502523532,2447.3461454782864,10,1982.6582280155012,-818.9523707501364,-0.09442869872787604,10655.36453116767
snp,1,475136,2021.4983406338324,1538.53497241845,378.0615298371879,4550.472536496483,10,1982.6582280155012,38.840112618331204,0.004478430521708778,10655.36453116767
snp,1,499712,1449.1723381722397,713.7480105167562,612.4416277367578,2720.9196868013437,10,1982.6582280155012,-533.4858898432615,-0.06151319681929599,10655.36453116767
snp,2,0,4054.665155324584,1630.261046924272,722.7769965132285,5904.431561660946,10,4054.665155324584,0.0,0.0,10655.36453116767
snp,2,32768,1644.5724240570144,1396.3613073491683,283.80308974543664,3902.3968687882193,10,4054.665155324584,-2410.0927312675694,-0.365126874240445,10655.36453116767
snp,2,57344,1886.3895578701067,1638.6154480550706,369.9266613615775,4735.998385263963,10,4054.665155324584,-2168.275597454477,-0.32849179665132655,10655.36453116767
snp,2,81920,1527.5503353680922,786.5762305220834,471.9819133471161,2799.5502585014037,10,4054.665155324584,-2527.1148199564914,-0.3828556150916743,10655.36453116767
snp,2,106496,1523.9910548945077,1042.0681464182414,489.67273287328294,3492.6213097138652,10,4054.665155324584,-2530.674100430076,-0.38339484287200193,10655.36453116767
snp,2,131072,1459.4787277052349,750.4492510538872,491.86475206739186,2728.1960235710135,10,4054.665155324584,-2595.186427619349,-0.39316840223384747,10655.36453116767
snp,2,155648,1383.6708491801908,317.11434108118436,877.496618477377,1984.6164578052287,10,4054.665155324584,-2670.994306144393,-0.40465322743146165,10655.36453116767
snp,2,180224,1444.307660588945,634.2103546827211,683.5921819414128,3006.9870652365767,10,4054.665155324584,-2610.3574947356387,-0.3954668052136156,10655.36453116767
snp,2,204800,1660.3953020143294,716.235083513365,667.0853705923809,3081.8012152848546,10,4054.665155324584,-2394.2698533102543,-0.3627297225063688,10655.36453116767
snp,2,229376,1856.2221240975255,1012.2129618895897,652.9270424632642,3615.3262216382477,10,4054.665155324584,-2198.4430312270583,-0.3330621356487995,10655.36453116767
snp,2,253952,1704.7575509178182,644.7419481225403,576.7603160092601,3057.7348228261003,10,4054.665155324584,-2349.9076044067656,-0.3560088818240734,10655.36453116767
snp,2,278528,2209.908803667756,780.7901494431868,983.2133489948113,3649.065163221426,10,4054.665155324584,-1844.756351656828,-0.27947892281364867,10655.36453116767
snp,2,303104,2336.484908051844,930.4859874436936,1232.0713836306152,3885.2844953495096,10,4054.665155324584,-1718.18024727274,-0.2603027572048726,10655.36453116767
snp,2,327680,1677.9955407953755,968.2769260735919,492.535292330648,3898.5349451670104,10,4054.665155324584,-2376.669614529208,-0.36006330221115096,10655.36453116767
snp,2,352256,1861.881789760547,872.90935034357,732.7836760590387,3423.5000691059204,10,4054.665155324584,-2192.783365564037,-0.33220470140738,10655.36453116767
snp,2,376832,2063.2481584869747,919.6630999770687,1144.9623890360024,3887.221417338475,10,4054.665155324584,-1991.416996837609,-0.30169787823150995,10655.36453116767
snp,2,401408,2546.4473223060427,1461.27669641917,716.2115659600772,5217.438526488365,10,4054.665155324584,-1508.2178330185411,-0.22849364088747148,10655.36453116767
snp,2,425984,1753.754191015291,863.1563865473952,881.81567471288,3085.153474864231,10,4054.665155324584,-2300.9109643092925,-0.34858593505734664,10655.36453116767
snp,2,450560,2507.0329922647156,1654.0494145948078,456.4636350262824,6046.345775472427,10,4054.665155324584,-1547.6321630598682,-0.23446487632649216,10655.36453116767
snp,2,475136,2521.8953174157473,1471.3988203566157,1121.3053587715217,5552.826274221858,10,4054.665155324584,-1532.7698379088365,-0.23221324747589303,10655.36453116767
snp,2,499712,2983.559209496995,1193.2897848131383,1214.2575932702532,4659.874711710932,10,4054.665155324584,-1071.1059458275886,-0.16227158436957417,10655.36453116767
inject,0,0,1445.8852444518127,1030.0083444520571,576.7142085198221,3750.6536617006677,10,1445.8852444518127,0.0,0.0,10655.36453116767
inject,0,32768,3093.3319489067007,1647.7681660047845,544.9750341287225,5350.0607091680495,10,1445.8852444518127,1647.446704454888,0.17888597747891663,10655.36453116767
inject,0,57344,2604.153956946614,2016.3158745629694,428.48916257860566,5801.703967795383,10,1445.8852444518127,1158.2687124948013,0.12576918589086442,10655.36453116767
inject,0,81920,3868.3073022499484,2285.8463157287915,483.3890194159933,8524.732495917791,10,1445.8852444518127,2422.422057798136,0.26303572461792757,10655.36453116767
inject,0,106496,2807.116463034658,1859.1598086221009,397.59521248169614,6671.572174881027,10,1445.8852444518127,1361.2312185828453,0.14780762039375397,10655.36453116767
inject,0,131072,3360.420018121747,1252.1479564737965,1110.3840906384223,4651.872143349098,10,1445.8852444518127,1914.5347736699343,0.20788740751321877,10655.36453116767
inject,0,155648,4176.540091434478,1562.98386349831,2718.772727432134,8216.858595218406,10,1445.8852444518127,2730.6548469826657,0.2965048035479023,10655.36453116767
inject,0,180224,4115.035174701744,1424.478487102213,418.96782470320795,6048.845754458691,10,1445.8852444518127,2669.1499302499315,0.2898263676872806,10655.36453116767
inject,0,204800,3262.51070445243,1026.5229409357064,1451.865561639356,4922.847726245367,10,1445.8852444518127,1816.6254600006175,0.19725604491273885,10655.36453116767
inject,0,229376,3561.948508861608,1434.5231583004481,2063.5186215378894,7218.902324150926,10,1445.8852444518127,2116.063264409795,0.22977013122037462,10655.36453116767
inject,0,253952,3822.563293072109,1749.208917285239,466.08135820757917,6744.959722977926,10,1445.8852444518127,2376.678048620296,0.2580686675511012,10655.36453116767
inject,0,278528,3959.117737896625,1413.2750400998762,748.5184771439381,6307.23333437883,10,1445.8852444518127,2513.2324934448125,0.272896264265137,10655.36453116767
inject,0,303104,4398.1504053716435,1173.1258255057558,2722.1067217882146,6362.297104892785,10,1445.8852444518127,2952.265160919831,0.32056808736816805,10655.36453116767
inject,0,327680,4677.519153319087,970.9160733228647,3121.2859336290635,6372.981326718983,10,1445.8852444518127,3231.633908867275,0.35090299982299944,10655.36453116767
inject,0,352256,4972.269168482153,1665.7866783200755,2518.8483380683965,7285.291283449847,10,1445.8852444518127,3526.3839240303405,0.38290806829155233,10655.36453116767
inject,0,376832,5648.5473908926315,1283.8658241844998,3152.4649640351727,7758.3327480860435,10,1445.8852444518127,4202.662146440819,0.4563409086599039,10655.36453116767
inject,0,401408,5828.9090629501625,2592.588154091352,1229.7012538889903,9453.017488552925,10,1445.8852444518127,4383.02381849835,0.47592525935149055,10655.36453116767
inject,0,425984,6224.845736769009,1185.4314273249772,3571.757159530136,7761.594169829118,10,1445.8852444518127,4778.960492317196,0.5189175569015778,10655.36453116767
inject,0,450560,7884.968191949872,2878.360218739174,1590.0705208443005,10325.18994004462,10,1445.8852444518127,6439.082947498059,0.6991799152083316,10655.36453116767
inject,0,475136,6924.593468544222,1676.673012911662,3725.192518184249,10157.701597741128,10,1445.8852444518127,5478.708224092409,0.5948988051257393,10655.36453116767
inject,0,499712,5865.155897775211,2483.419296503776,468.6713554372643,8844.535264484739,10,1445.8852444518127,4419.270653323399,0.4798610774029407,10655.36453116767
inject,1,0,2520.1128471325305,1912.743123346043,517.1677002673508,6231.225885974204,10,2520.1128471325305,0.0,0.0,10655.36453116767
inject,1,32768,4590.437870994245,1466.9158928578915,2875.2513583659475,7923.60838226955,10,2520.1128471325305,2070.3250238617143,0.2544881343585342,10655.36453116767
inject,1,57344,3328.2350806905924,2438.0892537349814,620.3312581145661,7937.974124073854,10,2520.1128471325305,808.1222335580619,0.0993358613654952,10655.36453116767
inject,1,81920,4522.656581807737,1751.0453333827957,1843.3962329776923,8899.107465850684,10,2520.1128471325305,2002.5437346752065,0.24615633445722415,10655.36453116767
inject,1,106496,3681.0160937102874,1480.8351082213828,976.6240158950974,6710.831461064361,10,2520.1128471325305,1160.9032465777568,0.14270034800684134,10655.36453116767
inject,1,131072,3820.9151116644125,1008.9884920508316,1878.9964075543878,5294.829726414365,10,2520.1128471325305,1300.802264531882,0.15989699088532416,10655.36453116767
inject,1,155648,4046.4793955172036,1579.9430682785312,666.0763467111452,6208.171577636285,10,2520.1128471325305,1526.366548384673,0.18762376475609677,10655.36453116767
inject,1,180224,4313.426796340931,1794.8680301830973,1031.1862563626999,6794.131473314816,10,2520.1128471325305,1793.3139492084006,0.2204374269707249,10655.36453116767
inject,1,204800,4406.089655704219,1369.8559027692136,2558.2611869067964,6532.802083715154,10,2520.1128471325305,1885.9768085716883,0.23182771493609194,10655.36453116767
inject,1,229376,5090.411558402826,2297.0909698911787,1243.773165453215,10058.397912383454,10,2520.1128471325305,2570.2987112702954,0.3159458134526287,10655.36453116767
inject,1,253952,4600.163354272285,1649.6136196122927,1014.659594205755,8142.7254938240785,10,2520.1128471325305,2080.0505071397542,0.2556836085312546,10655.36453116767
inject,1,278528,4243.266618578051,2025.3324191243205,549.6070870000917,7948.826541482453,10,2520.1128471325305,1723.1537714455203,0.21181320973944484,10655.36453116767
inject,1,303104,5775.338637526615,1327.2507781721667,4321.7783611563445,8208.847366779613,10,2520.1128471325305,3255.225790394084,0.40013830136098893,10655.36453116767
inject,1,327680,4902.58555043591,1384.157317353647,3055.4849875563627,7377.7275762337495,10,2520.1128471325305,2382.472703303379,0.29285789740051393,10655.36453116767
inject,1,352256,5211.585014001371,2323.0427941339103,1805.290722920807,10040.416480325628,10,2520.1128471325305,2691.4721668688403,0.33084067599528905,10655.36453116767
inject,1,376832,5735.113937531533,2345.5777632847753,2988.175840141216,9342.625117416696,10,2520.1128471325305,3215.001090399003,0.3951938077482007,10655.36453116767
inject,1,401408,6974.871093742874,2359.24793610592,3502.982911834682,10156.64658750922,10,2520.1128471325305,4454.758246610343,0.5475870223910719,10655.36453116767
inject,1,425984,6684.196711976893,2158.597225172082,3329.8443967745375,10311.568527844896,10,2520.1128471325305,4164.083864844362,0.5118567963304967,10655.36453116767
inject,1,450560,6986.080148397225,1769.8252379059256,3985.1345743712004,10187.30404239778,10,2520.1128471325305,4465.9673012646945,0.5489648598678116,10655.36453116767
inject,1,475136,7298.4174068057255,2501.9784007593803,3255.221032906085,10272.678410055729,10,2520.1128471325305,4778.304559673195,0.5873579263027503,10655.36453116767
inject,1,499712,6207.992106959083,3014.717204029463,561.0208360002757,10250.066062492968,10,2520.1128471325305,3687.8792598265522,0.4533208562693193,10655.36453116767
inject,2,0,2887.2530918487705,1833.5120887081366,452.0379242689504,4973.002441645432,10,2887.2530918487705,0.0,0.0,10655.36453116767
inject,2,32768,3418.818341566935,1253.9218017091753,993.00650971725,4631.168070608068,10,2887.2530918487705,531.5652497181645,0.06842914829454898,10655.36453116767
inject,2,57344,2737.378611904731,1817.7364309821678,652.4550791558594,5138.9741143151105,10,2887.2530918487705,-149.87447994403965,-0.01929355430795505,10655.36453116767
inject,2,81920,3516.131631414478,1525.4284796245106,1213.1594231056372,5777.510919631112,10,2887.2530918487705,628.8785395657073,0.08095642607566535,10655.36453116767
inject,2,106496,3729.7353754422447,873.3720569269408,1805.4441650617516,5257.870800043478,10,2887.2530918487705,842.4822835934742,0.10845393890987849,10655.36453116767
inject,2,131072,4000.147332108664,852.7182285003189,2891.3521831853013,5580.79943708245,10,2887.2530918487705,1112.8942402598936,0.14326445350457107,10655.36453116767
inject,2,155648,3214.083785545544,1310.9523340681,945.9760346697343,5225.359582034411,10,2887.2530918487705,326.8306936967733,0.04207337860788415,10655.36453116767
inject,2,180224,3459.2567306663645,2057.1038426379614,854.2764196968781,7845.711253462951,10,2887.2530918487705,572.003638817594,0.07363483946029897,10655.36453116767
inject,2,204800,3717.5657194346522,1492.0762908617342,1387.950609999466,6678.491848076865,10,2887.2530918487705,830.3126275858817,0.10688732183684987,10655.36453116767
inject,2,229376,4238.471280832806,1086.7408259063693,2480.640450446774,5706.828939968451,10,2887.2530918487705,1351.2181889840354,0.17394423333975298,10655.36453116767
inject,2,253952,3821.4915640776753,2218.177395026298,1192.2602588141804,7947.379873124294,10,2887.2530918487705,934.2384722289048,0.12026584317262987,10655.36453116767
inject,2,278528,4784.885084814127,1683.016356363236,3109.7849841205652,9160.234228707597,10,2887.2530918487705,1897.6319929653569,0.2442848570781387,10655.36453116767
inject,2,303104,3170.583009969115,833.588128662455,1800.46284808736,4345.531035291606,10,2887.2530918487705,283.3299181203447,0.03647346208883859,10655.36453116767
inject,2,327680,3943.9308487134285,1612.6115494668609,1715.6880200731184,7580.215242776897,10,2887.2530918487705,1056.677756864658,0.13602762588860062,10655.36453116767
inject,2,352256,4733.499287408189,1769.3720723284728,2300.616297677689,8059.274673398871,10,2887.2530918487705,1846.2461955594185,0.23766989051892715,10655.36453116767
inject,2,376832,3900.879667939275,1479.6406838544558,1577.8947970089307,5769.62750620174,10,2887.2530918487705,1013.6265760905044,0.1304855863459256,10655.36453116767
inject,2,401408,4488.114440464336,1041.1249702007497,3207.6402647504915,6242.67448593252,10,2887.2530918487705,1600.861348615566,0.20608115124438103,10655.36453116767
inject,2,425984,4870.531113631727,1888.500848463533,2258.8384152741946,8942.200658409254,10,2887.2530918487705,1983.2780217829563,0.25531019180403747,10655.36453116767
inject,2,450560,4470.102861681093,2218.3776912713074,1020.0162465869813,9495.407758246436,10,2887.2530918487705,1582.8497698323222,0.20376249516926886,10655.36453116767
inject,2,475136,3770.3736506325586,1669.3706780127754,864.0594193922861,6353.959924843432,10,2887.2530918487705,883.120558783788,0.11368536169552348,10655.36453116767
inject,2,499712,4590.443788887799,2175.2514421062183,1860.3341073882038,8145.198626890791,10,2887.2530918487705,1703.1906970390287,0.2192541533581692,10655.36453116767
