method,seed,step,eval_episode,return,J0,improvement,norm_improvement,J_ref
base,0,0,0,3778.198009114787,5375.566694215493,-1597.368685100706,-0.2617399186884723,11478.45192793555
base,0,0,1,-266.5734858320121,5375.566694215493,-5642.140180047505,-0.9245037327506476,11478.45192793555
base,0,0,2,4341.016938903831,5375.566694215493,-1034.549755311662,-0.16951814027666495,11478.45192793555
base,0,0,3,2313.7573811300726,5375.566694215493,-3061.8093130854204,-0.5016986548700628,11478.45192793555
base,0,0,4,10811.157356919057,5375.566694215493,5435.590662703564,0.8906591642555929,11478.45192793555
base,0,0,5,10060.601148375012,5375.566694215493,4685.034454159519,0.7676753328910377,11478.45192793555
base,0,0,6,10056.482451565149,5375.566694215493,4680.915757349656,0.7670004559022929,11478.45192793555
base,0,0,7,-248.4029137934332,5375.566694215493,-5623.969608008926,-0.9215263587152972,11478.45192793555
base,0,0,8,10808.099838872668,5375.566694215493,5432.5331446571745,0.8901581687544822,11478.45192793555
base,0,0,9,2101.330216899798,5375.566694215493,-3274.236477315695,-0.5365063165022611,11478.45192793555
base,0,32768,0,5782.597599398945,5375.566694215493,407.030905183452,0.06669483195715423,11478.45192793555
base,0,32768,1,-234.76374790788157,5375.566694215493,-5610.330442123374,-0.9192914869520274,11478.45192793555
base,0,32768,2,7393.752489747955,5375.566694215493,2018.1857955324622,0.33069371582653356,11478.45192793555
base,0,32768,3,9365.914697960814,5375.566694215493,3990.348003745321,0.6538461482191644,11478.45192793555
base,0,32768,4,9679.370920301357,5375.566694215493,4303.804226085864,0.7052081205133922,11478.45192793555
base,0,32768,5,10577.540751357548,5375.566694215493,5201.974057142055,0.8523794659528237,11478.45192793555
base,0,32768,6,8579.011079109876,5375.566694215493,3203.444384894383,0.5249065420187812,11478.45192793555
base,0,32768,7,2167.035820087959,5375.566694215493,-3208.530874127534,-0.5257399984967456,11478.45192793555
base,0,32768,8,2757.6834866744366,5375.566694215493,-2617.8832075410564,-0.4289582888840183,11478.45192793555
base,0,32768,9,7448.493023098374,5375.566694215493,2072.9263288828806,0.3396633312207397,11478.45192793555
base,0,57344,0,-83.9317030304081,5375.566694215493,-5459.498397245901,-0.894576612089336,11478.45192793555
base,0,57344,1,-250.6515109010356,5375.566694215493,-5626.218205116528,-0.9218948069198954,11478.45192793555
base,0,57344,2,8441.343972991906,5375.566694215493,3065.7772787764134,0.50234883352137,11478.45192793555
base,0,57344,3,-154.49804042250082,5375.566694215493,-5530.064734637994,-0.9061393950482277,11478.45192793555
base,0,57344,4,3999.9668039116364,5375.566694215493,-1375.5998903038567,-0.22540156620968413,11478.45192793555
base,0,57344,5,2541.9347381710113,5375.566694215493,-2833.6319560444817,-0.46431021509688636,11478.45192793555
base,0,57344,6,3453.821381028368,5375.566694215493,-1921.7453131871252,-0.31489127507331816,11478.45192793555
base,0,57344,7,2442.8004570452504,5375.566694215493,-2932.7662371702427,-0.48055405343121615,11478.45192793555
base,0,57344,8,3504.101852785122,5375.566694215493,-1871.464841430371,-0.3066524716511757,11478.45192793555
base,0,57344,9,6612.199506894618,5375.566694215493,1236.632812679125,0.2026308483803317,11478.45192793555
base,0,81920,0,10785.912007900868,5375.566694215493,5410.345313685375,0.8865225390287961,11478.45192793555
base,0,81920,1,-262.89420300850315,5375.566694215493,-5638.460897223997,-0.9239008567859193,11478.45192793555
base,0,81920,2,4788.700475563058,5375.566694215493,-586.8662186524352,-0.09616209318728162,11478.45192793555
base,0,81920,3,-60.178544835872984,5375.566694215493,-5435.745239051366,-0.890684492660414,11478.45192793555
base,0,81920,4,2481.2402415260085,5375.566694215493,-2894.3264526894845,-0.4742554286001167,11478.45192793555
base,0,81920,5,3808.5783180568096,5375.566694215493,-1566.9883761586834,-0.2567618947254482,11478.45192793555
base,0,81920,6,292.47327336990054,5375.566694215493,-5083.093420845593,-0.8329000506067614,11478.45192793555
base,0,81920,7,-218.48132787504196,5375.566694215493,-5594.048022090535,-0.9166234996957364,11478.45192793555
base,0,81920,8,10764.68744212939,5375.566694215493,5389.1207479138975,0.8830447469755016,11478.45192793555
base,0,81920,9,7694.486421944701,5375.566694215493,2318.919727729208,0.3799710527959122,11478.45192793555
base,0,106496,0,7908.029245321286,5375.566694215493,2532.462551105793,0.414961522903676,11478.45192793555
base,0,106496,1,-243.70347813748194,5375.566694215493,-5619.270172352975,-0.9207563236457836,11478.45192793555
base,0,106496,2,-142.83244479603638,5375.566694215493,-5518.39913901153,-0.9042279064362353,11478.45192793555
base,0,106496,3,3161.226159896793,5375.566694215493,-2214.3405343187,-0.3628350278850153,11478.45192793555
base,0,106496,4,1081.4426609016018,5375.566694215493,-4294.124033313891,-0.7036219539053589,11478.45192793555
base,0,106496,5,-193.38412120515255,5375.566694215493,-5568.950815420646,-0.9125111486183956,11478.45192793555
base,0,106496,6,9036.689595975355,5375.566694215493,3661.1229017598616,0.599900335816785,11478.45192793555
base,0,106496,7,-235.3051573453098,5375.566694215493,-5610.8718515608025,-0.9193802006368839,11478.45192793555
base,0,106496,8,-252.8296786074669,5375.566694215493,-5628.39637282296,-0.922251714779483,11478.45192793555
base,0,106496,9,1873.8649249779,5375.566694215493,-3501.701769237593,-0.5737780794755872,11478.45192793555
base,0,131072,0,657.9395853722746,5375.566694215493,-4717.627108843219,-0.7730158650213613,11478.45192793555
base,0,131072,1,-344.0122908754445,5375.566694215493,-5719.578985090938,-0.937192617116828,11478.45192793555
base,0,131072,2,10015.830493142952,5375.566694215493,4640.263798927459,0.7603393510545525,11478.45192793555
base,0,131072,3,-185.23382739273825,5375.566694215493,-5560.800521608231,-0.9111756665473831,11478.45192793555
base,0,131072,4,494.5680901843127,5375.566694215493,-4880.998604031181,-0.7997854156362937,11478.45192793555
base,0,131072,5,6809.840034646461,5375.566694215493,1434.2733404309683,0.23501561724792278,11478.45192793555
base,0,131072,6,863.5827923743011,5375.566694215493,-4511.983901841192,-0.7393198017508122,11478.45192793555
base,0,131072,7,4924.5289527551895,5375.566694215493,-451.03774146030355,-0.07390565676940718,11478.45192793555
base,0,131072,8,-58.212628371526655,5375.566694215493,-5433.77932258702,-0.8903623636363974,11478.45192793555
base,0,131072,9,6652.044312696357,5375.566694215493,1276.4776184808643,0.20915969568276127,11478.45192793555
base,0,155648,0,6530.189372205927,5375.566694215493,1154.6226779904337,0.18919292000145188,11478.45192793555
base,0,155648,1,-120.86620894203466,5375.566694215493,-5496.432903157528,-0.9006285866048491,11478.45192793555
base,0,155648,2,773.1443408414427,5375.566694215493,-4602.4223533740505,-0.7541387681993935,11478.45192793555
base,0,155648,3,-224.3771176772254,5375.566694215493,-5599.943811892718,-0.9175895656752573,11478.45192793555
base,0,155648,4,8733.07108704438,5375.566694215493,3357.504392828887,0.5501503409776798,11478.45192793555
base,0,155648,5,7834.129789881445,5375.566694215493,2458.5630956659516,0.40285258547529074,11478.45192793555
base,0,155648,6,-193.82355224619818,5375.566694215493,-5569.390246461691,-0.9125831524369411,11478.45192793555
base,0,155648,7,-235.75403750903604,5375.566694215493,-5611.320731724529,-0.9194537527596033,11478.45192793555
base,0,155648,8,-258.03289412942183,5375.566694215493,-5633.599588344915,-0.9231042976680408,11478.45192793555
base,0,155648,9,-227.74589684751544,5375.566694215493,-5603.312591063009,-0.9181415634665848,11478.45192793555
base,0,180224,0,5865.347328974776,5375.566694215493,489.7806347592832,0.0802539480789941,11478.45192793555
base,0,180224,1,-287.2421511246957,5375.566694215493,-5662.808845340189,-0.9278904366616268,11478.45192793555
base,0,180224,2,8567.442586851008,5375.566694215493,3191.875892635515,0.5230109644658799,11478.45192793555
base,0,180224,3,3738.8244727243964,5375.566694215493,-1636.7422214910966,-0.2681915452349441,11478.45192793555
base,0,180224,4,9134.011832119872,5375.566694215493,3758.4451379043785,0.615847258034958,11478.45192793555
base,0,180224,5,-271.13064571096237,5375.566694215493,-5646.697339926455,-0.9252504549490307,11478.45192793555
base,0,180224,6,117.43310181551433,5375.566694215493,-5258.133592399979,-0.8615815946342587,11478.45192793555
base,0,180224,7,4837.605547544131,5375.566694215493,-537.9611466713623,-0.08814865854118242,11478.45192793555
base,0,180224,8,-269.33400895410654,5375.566694215493,-5644.900703169599,-0.9249560635771211,11478.45192793555
base,0,180224,9,1978.435192423787,5375.566694215493,-3397.131501791706,-0.5566435171457937,11478.45192793555
base,0,204800,0,822.5279948310033,5375.566694215493,-4553.0386993844895,-0.7460469145776654,11478.45192793555
base,0,204800,1,-300.1331167904331,5375.566694215493,-5675.699811005926,-0.9300027106385974,11478.45192793555
base,0,204800,2,8288.193624586074,5375.566694215493,2912.6269303705812,0.4772540885744159,11478.45192793555
base,0,204800,3,8584.290588403921,5375.566694215493,3208.723894188428,0.5257716261701281,11478.45192793555
base,0,204800,4,2081.6380334761743,5375.566694215493,-3293.9286607393187,-0.5397330170981681,11478.45192793555
base,0,204800,5,2435.1103580116737,5375.566694215493,-2940.4563362038193,-0.4818141294014846,11478.45192793555
base,0,204800,6,5429.324833123898,5375.566694215493,53.75813890840527,0.008808643263119004,11478.45192793555
base,0,204800,7,6510.173824240589,5375.566694215493,1134.607130025096,0.18591323388651942,11478.45192793555
base,0,204800,8,-164.36500470257033,5375.566694215493,-5539.931698918063,-0.9077561654610048,11478.45192793555
base,0,204800,9,2582.1743564894027,5375.566694215493,-2793.3923377260903,-0.4577166750300565,11478.45192793555
base,0,229376,0,-273.1743188984625,5375.566694215493,-5648.741013113956,-0.9255853249504973,11478.45192793555
base,0,229376,1,3295.7498578407267,5375.566694215493,-2079.8168363747664,-0.3407923885808036,11478.45192793555
base,0,229376,2,8486.937857644847,5375.566694215493,3111.371163429354,0.5098197071982257,11478.45192793555
base,0,229376,3,2826.6409276600584,5375.566694215493,-2548.9257665554346,-0.41765913474077565,11478.45192793555
base,0,229376,4,9354.84935155306,5375.566694215493,3979.282657337568,0.6520330145975782,11478.45192793555
base,0,229376,5,-272.7715856296768,5375.566694215493,-5648.338279845169,-0.9255193343160191,11478.45192793555
base,0,229376,6,9590.877463311088,5375.566694215493,4215.310769095595,0.6907078548870915,11478.45192793555
base,0,229376,7,1452.4154012798979,5375.566694215493,-3923.151292935595,-0.6428355019059362,11478.45192793555
base,0,229376,8,2694.9287717913885,5375.566694215493,-2680.6379224241045,-0.43924108340979917,11478.45192793555
base,0,229376,9,124.93502962239018,5375.566694215493,-5250.631664593103,-0.8603523518223184,11478.45192793555
base,0,253952,0,940.5825232381195,5375.566694215493,-4434.984170977374,-0.7267028627289611,11478.45192793555
base,0,253952,1,879.6555151592911,5375.566694215493,-4495.911179056202,-0.7366861748404535,11478.45192793555
base,0,253952,2,4768.5965271309815,5375.566694215493,-606.9701670845116,-0.09945626433074382,11478.45192793555
base,0,253952,3,-109.57990961263978,5375.566694215493,-5485.146603828133,-0.8987792483172494,11478.45192793555
base,0,253952,4,8945.117050759967,5375.566694215493,3569.550356544474,0.5848955402662445,11478.45192793555
base,0,253952,5,256.88417444400375,5375.566694215493,-5118.68251977149,-0.8387315708725246,11478.45192793555
base,0,253952,6,9460.166620669133,5375.566694215493,4084.5999264536404,0.6692899783230158,11478.45192793555
base,0,253952,7,3182.4398248331636,5375.566694215493,-2193.1268693823295,-0.35935902200902675,11478.45192793555
base,0,253952,8,-270.99275205898334,5375.566694215493,-5646.559446274477,-0.9252278601194255,11478.45192793555
base,0,253952,9,1726.7212933858568,5375.566694215493,-3648.845400829636,-0.5978885822841482,11478.45192793555
base,0,278528,0,6717.888705797801,5375.566694215493,1342.3220115823078,0.219948755376502,11478.45192793555
base,0,278528,1,-317.7758443087375,5375.566694215493,-5693.342538524231,-0.9328935936946858,11478.45192793555
base,0,278528,2,10214.747186198489,5375.566694215493,4839.180491982996,0.792933228442886,11478.45192793555
base,0,278528,3,9805.34462836365,5375.566694215493,4429.777934148156,0.7258497847782899,11478.45192793555
base,0,278528,4,-267.6623072491122,5375.566694215493,-5643.229001464605,-0.9246821436784667,11478.45192793555
base,0,278528,5,8470.946608172182,5375.566694215493,3095.379913956689,0.5071994302541847,11478.45192793555
base,0,278528,6,1575.091547264322,5375.566694215493,-3800.475146951171,-0.6227341660186898,11478.45192793555
base,0,278528,7,9985.276483234415,5375.566694215493,4609.709789018922,0.7553328649855189,11478.45192793555
base,0,278528,8,9941.173691272317,5375.566694215493,4565.606997056824,0.748106317169874,11478.45192793555
base,0,278528,9,10158.18862314644,5375.566694215493,4782.6219289309465,0.7836657162946515,11478.45192793555
base,0,303104,0,5073.109097936806,5375.566694215493,-302.45759627868665,-0.04955977126326554,11478.45192793555
base,0,303104,1,-320.44393923748277,5375.566694215493,-5696.0106334529755,-0.9333307795217379,11478.45192793555
base,0,303104,2,10555.622599532751,5375.566694215493,5180.055905317258,0.84878802502254,11478.45192793555
base,0,303104,3,2223.524787240352,5375.566694215493,-3152.041906975141,-0.516483890118528,11478.45192793555
base,0,303104,4,10345.226366411862,5375.566694215493,4969.659672196369,0.8143131455140873,11478.45192793555
base,0,303104,5,4692.141881157095,5375.566694215493,-683.4248130583983,-0.11198388741939817,11478.45192793555
base,0,303104,6,10066.032433914015,5375.566694215493,4690.465739698522,0.7685652866309678,11478.45192793555
base,0,303104,7,-256.16373531551403,5375.566694215493,-5631.730429531007,-0.9227980230549653,11478.45192793555
base,0,303104,8,10587.321759141672,5375.566694215493,5211.755064926179,0.8539821517986067,11478.45192793555
base,0,303104,9,779.3056975282398,5375.566694215493,-4596.260996687253,-0.7531291872471343,11478.45192793555
base,0,327680,0,-285.05504709715444,5375.566694215493,-5660.621741312648,-0.9275320645239536,11478.45192793555
base,0,327680,1,10178.506974167885,5375.566694215493,4802.940279952392,0.7869950187868322,11478.45192793555
base,0,327680,2,9432.903735670645,5375.566694215493,4057.337041455152,0.6648227658571174,11478.45192793555
base,0,327680,3,10178.410897157737,5375.566694215493,4802.844202942244,0.786979275903515,11478.45192793555
base,0,327680,4,10284.181821509785,5375.566694215493,4908.615127294292,0.8043105741803209,11478.45192793555
base,0,327680,5,-237.940121386069,5375.566694215493,-5613.506815601562,-0.9198119577385526,11478.45192793555
base,0,327680,6,10329.065201457737,5375.566694215493,4953.498507242244,0.8116650267419725,11478.45192793555
base,0,327680,7,-222.12242146385404,5375.566694215493,-5597.689115679347,-0.9172201180899506,11478.45192793555
base,0,327680,8,9891.492087995062,5375.566694215493,4515.925393779569,0.7399656424944582,11478.45192793555
base,0,327680,9,10055.455563266632,5375.566694215493,4679.888869051139,0.7668321931447575,11478.45192793555
base,0,352256,0,9761.043092238287,5375.566694215493,4385.4763980227945,0.7185906713554574,11478.45192793555
base,0,352256,1,-311.8840664428458,5375.566694215493,-5687.450760658339,-0.9319281850987037,11478.45192793555
base,0,352256,2,10376.831311706013,5375.566694215493,5001.26461749052,0.8194918346223712,11478.45192793555
base,0,352256,3,10211.605716532365,5375.566694215493,4836.039022316872,0.7924184768876297,11478.45192793555
base,0,352256,4,7992.0636496194875,5375.566694215493,2616.4969554039944,0.4287311418734248,11478.45192793555
base,0,352256,5,10449.210694419206,5375.566694215493,5073.6440002037125,0.831351697610031,11478.45192793555
base,0,352256,6,10056.812430944661,5375.566694215493,4681.245736729168,0.7670545253082904,11478.45192793555
base,0,352256,7,10002.10108231618,5375.566694215493,4626.534388100687,0.7580896920328387,11478.45192793555
base,0,352256,8,10449.535368693916,5375.566694215493,5073.968674478423,0.8314048977378761,11478.45192793555
base,0,352256,9,10428.398028585525,5375.566694215493,5052.831334370032,0.827941398213399,11478.45192793555
base,0,376832,0,9476.733075607191,5375.566694215493,4101.166381391698,0.6720045066650875,11478.45192793555
base,0,376832,1,2771.0082704003134,5375.566694215493,-2604.5584238151796,-0.4267749308142859,11478.45192793555
base,0,376832,2,10024.056615032554,5375.566694215493,4648.489920817061,0.7616872580810198,11478.45192793555
base,0,376832,3,10204.954517344479,5375.566694215493,4829.3878231289855,0.791328631850065,11478.45192793555
base,0,376832,4,9765.767086991777,5375.566694215493,4390.2003927762835,0.7193647306031414,11478.45192793555
base,0,376832,5,7696.468921828797,5375.566694215493,2320.9022276133037,0.38029589912807277,11478.45192793555
base,0,376832,6,9756.004410288811,5375.566694215493,4380.437716073318,0.7177650484319245,11478.45192793555
base,0,376832,7,10243.28135663307,5375.566694215493,4867.714662417577,0.797608749829434,11478.45192793555
base,0,376832,8,10360.845540615408,5375.566694215493,4985.278846399915,0.8168724553491612,11478.45192793555
base,0,376832,9,7759.380820660563,5375.566694215493,2383.8141264450696,0.39060444933213895,11478.45192793555
base,0,401408,0,-237.9959509499271,5375.566694215493,-5613.56264516542,-0.9198211057991356,11478.45192793555
base,0,401408,1,9652.718867071979,5375.566694215493,4277.152172856486,0.7008409970620529,11478.45192793555
base,0,401408,2,9521.758145420166,5375.566694215493,4146.191451204673,0.6793821760921351,11478.45192793555
base,0,401408,3,1165.8760300741824,5375.566694215493,-4209.690664141311,-0.6897869617786466,11478.45192793555
base,0,401408,4,2401.0314809008387,5375.566694215493,-2974.5352133146544,-0.4873981893665903,11478.45192793555
base,0,401408,5,9916.554739114748,5375.566694215493,4540.988044899255,0.7440723314056475,11478.45192793555
base,0,401408,6,10094.9774506486,5375.566694215493,4719.410756433106,0.7733081280283305,11478.45192793555
base,0,401408,7,339.57676473137053,5375.566694215493,-5035.9899294841225,-0.8251818174187124,11478.45192793555
base,0,401408,8,9911.038571323821,5375.566694215493,4535.471877108328,0.743168469121044,11478.45192793555
base,0,401408,9,10095.856483512085,5375.566694215493,4720.289789296592,0.7734521636491357,11478.45192793555
base,0,425984,0,9883.151665820988,5375.566694215493,4507.5849716054945,0.738599006575004,11478.45192793555
base,0,425984,1,10045.362163247679,5375.566694215493,4669.795469032186,0.7651783196684006,11478.45192793555
base,0,425984,2,8270.920900412504,5375.566694215493,2895.354206197011,0.47442383312813885,11478.45192793555
base,0,425984,3,10345.79639536947,5375.566694215493,4970.229701153978,0.8144065487054771,11478.45192793555
base,0,425984,4,10088.687331913154,5375.566694215493,4713.120637697661,0.7722774485228959,11478.45192793555
base,0,425984,5,9979.903250380134,5375.566694215493,4604.336556164641,0.7544524235799175,11478.45192793555
base,0,425984,6,10327.798176688366,5375.566694215493,4952.231482472873,0.8114574159610646,11478.45192793555
base,0,425984,7,10130.7171192767,5375.566694215493,4755.150425061207,0.779164320182293,11478.45192793555
base,0,425984,8,9954.10546936628,5375.566694215493,4578.538775150788,0.7502252785457808,11478.45192793555
base,0,425984,9,10334.98477107047,5375.566694215493,4959.418076854978,0.8126349892080953,11478.45192793555
base,0,450560,0,7253.4410423593445,5375.566694215493,1877.8743481438514,0.30770271370341284,11478.45192793555
base,0,450560,1,4731.160847664052,5375.566694215493,-644.4058465514408,-0.10559035960324757,11478.45192793555
base,0,450560,2,9940.597631558836,5375.566694215493,4565.030937343343,0.7480119257973795,11478.45192793555
base,0,450560,3,9762.484545766543,5375.566694215493,4386.91785155105,0.7188268634961936,11478.45192793555
base,0,450560,4,9672.280703590164,5375.566694215493,4296.714009374671,0.7040463394150265,11478.45192793555
base,0,450560,5,9553.706684603208,5375.566694215493,4178.139990387715,0.6846171654380404,11478.45192793555
base,0,450560,6,9782.33993523529,5375.566694215493,4406.773241019797,0.7220803065325769,11478.45192793555
base,0,450560,7,-255.5909155589258,5375.566694215493,-5631.157609774419,-0.9227041625718403,11478.45192793555
base,0,450560,8,10350.762315866963,5375.566694215493,4975.19562165147,0.8152202491613272,11478.45192793555
base,0,450560,9,10023.942305127352,5375.566694215493,4648.3756109118585,0.7616685276116096,11478.45192793555
base,0,475136,0,10329.068533442805,5375.566694215493,4953.501839227312,0.8116655727107954,11478.45192793555
base,0,475136,1,9522.91976196259,5375.566694215493,4147.353067747097,0.6795725150052471,11478.45192793555
base,0,475136,2,10280.804135523273,5375.566694215493,4905.23744130778,0.8037571169454878,11478.45192793555
base,0,475136,3,10329.283812670192,5375.566694215493,4953.717118454699,0.8117008477027224,11478.45192793555
base,0,475136,4,10253.336740497334,5375.566694215493,4877.770046281841,0.7992563940956342,11478.45192793555
base,0,475136,5,10128.59468847786,5375.566694215493,4753.027994262367,0.7788165452009178,11478.45192793555
base,0,475136,6,10220.915210431143,5375.566694215493,4845.34851621565,0.7939439019186978,11478.45192793555
base,0,475136,7,10329.312790964406,5375.566694215493,4953.746096748913,0.8117055959968653,11478.45192793555
base,0,475136,8,-68.32075697563897,5375.566694215493,-5443.887451191132,-0.8920186504934081,11478.45192793555
base,0,475136,9,10395.148968380965,5375.566694215493,5019.582274165472,0.8224933094937551,11478.45192793555
base,0,499712,0,10248.265183861165,5375.566694215493,4872.698489645672,0.7984253844270736,11478.45192793555
base,0,499712,1,9957.336679744018,5375.566694215493,4581.769985528525,0.750754734737969,11478.45192793555
base,0,499712,2,10059.827393245925,5375.566694215493,4684.260699030432,0.7675485477559209,11478.45192793555
base,0,499712,3,10334.39351239461,5375.566694215493,4958.826818179117,0.8125381073803826,11478.45192793555
base,0,499712,4,10231.482712413257,5375.566694215493,4855.916018197764,0.7956754602842384,11478.45192793555
base,0,499712,5,875.4461302263479,5375.566694215493,-4500.120563989145,-0.7373759117060585,11478.45192793555
base,0,499712,6,9924.52996341028,5375.566694215493,4548.963269194786,0.745379127124197,11478.45192793555
base,0,499712,7,9979.353773806204,5375.566694215493,4603.787079590711,0.7543623880388911,11478.45192793555
base,0,499712,8,10153.290269417057,5375.566694215493,4777.723575201564,0.7828630871215655,11478.45192793555
base,0,499712,9,8135.325295718557,5375.566694215493,2759.758601503064,0.4522055544814215,11478.45192793555
lyapunov,0,0,0,5821.960051037968,3327.2943325917067,2494.665718446261,0.3060504828866552,11478.45192793555
lyapunov,0,0,1,1970.9663342198069,3327.2943325917067,-1356.3279983718999,-0.16639697887577015,11478.45192793555
lyapunov,0,0,2,2441.993454525039,3327.2943325917067,-885.3008780666678,-0.10861044797658735,11478.45192793555
lyapunov,0,0,3,1981.9781205614931,3327.2943325917067,-1345.3162120302136,-0.1650460313310158,11478.45192793555
lyapunov,0,0,4,7461.149930387158,3327.2943325917067,4133.855597795451,0.5071495120704903,11478.45192793555
lyapunov,0,0,5,2550.940411599563,3327.2943325917067,-776.3539209921437,-0.09524462161550808,11478.45192793555
lyapunov,0,0,6,3089.8523741019835,3327.2943325917067,-237.44195848972322,-0.029129845139569684,11478.45192793555
lyapunov,0,0,7,2877.7724076754903,3327.2943325917067,-449.52192491621645,-0.055148231352789324,11478.45192793555
lyapunov,0,0,8,2943.190932341625,3327.2943325917067,-384.1034002500819,-0.047122558447694515,11478.45192793555
lyapunov,0,0,9,2133.1393094669434,3327.2943325917067,-1194.1550231247634,-0.14650128021821035,11478.45192793555
lyapunov,0,32768,0,10278.896340750958,3327.2943325917067,6951.602008159251,0.8528361678686416,11478.45192793555
lyapunov,0,32768,1,1189.0959014375842,3327.2943325917067,-2138.1984311541228,-0.2623183769766885,11478.45192793555
lyapunov,0,32768,2,2322.5761874927744,3327.2943325917067,-1004.7181450989324,-0.12326079249769298,11478.45192793555
lyapunov,0,32768,3,3319.4457454435933,3327.2943325917067,-7.848587148113438,-0.0009628800640088075,11478.45192793555
lyapunov,0,32768,4,10109.81847787655,3327.2943325917067,6782.524145284843,0.8320933640550768,11478.45192793555
lyapunov,0,32768,5,-86.41667316125042,3327.2943325917067,-3413.711005752957,-0.41880076116846987,11478.45192793555
lyapunov,0,32768,6,1492.084923364737,3327.2943325917067,-1835.2094092269697,-0.22514708954347082,11478.45192793555
lyapunov,0,32768,7,-231.51662565277584,3327.2943325917067,-3558.8109582444827,-0.4366019079106957,11478.45192793555
lyapunov,0,32768,8,9089.326095388453,3327.2943325917067,5762.031762796746,0.7068973571779883,11478.45192793555
lyapunov,0,32768,9,9895.426731740505,3327.2943325917067,6568.132399148798,0.8057913641732184,11478.45192793555
lyapunov,0,57344,0,514.6510923890833,3327.2943325917067,-2812.6432402026235,-0.3450605888744218,11478.45192793555
lyapunov,0,57344,1,5066.730275265291,3327.2943325917067,1739.4359426735846,0.21339741283542338,11478.45192793555
lyapunov,0,57344,2,5416.600717955705,3327.2943325917067,2089.306385363998,0.2563202049118943,11478.45192793555
lyapunov,0,57344,3,2729.223525814762,3327.2943325917067,-598.0708067769447,-0.07337249951408202,11478.45192793555
lyapunov,0,57344,4,1357.8856492180696,3327.2943325917067,-1969.4086833736371,-0.2416109196878986,11478.45192793555
lyapunov,0,57344,5,6132.949093956023,3327.2943325917067,2805.654761364316,0.34420322858470764,11478.45192793555
lyapunov,0,57344,6,1495.762498709029,3327.2943325917067,-1831.5318338826778,-0.22469591738775868,11478.45192793555
lyapunov,0,57344,7,9657.619135129431,3327.2943325917067,6330.324802537724,0.7766166618318306,11478.45192793555
lyapunov,0,57344,8,8385.846920367998,3327.2943325917067,5058.552587776291,0.6205931523205093,11478.45192793555
lyapunov,0,57344,9,1273.4853191267925,3327.2943325917067,-2053.809013464914,-0.2519653177097372,11478.45192793555
lyapunov,0,81920,0,1925.1726633674084,3327.2943325917067,-1402.1216692242983,-0.17201503622665967,11478.45192793555
lyapunov,0,81920,1,-276.9955703792298,3327.2943325917067,-3604.2899029709365,-0.4421813540432123,11478.45192793555
lyapunov,0,81920,2,185.08775033322559,3327.2943325917067,-3142.206582258481,-0.3854920660186843,11478.45192793555
lyapunov,0,81920,3,5464.223341997166,3327.2943325917067,2136.9290094054595,0.26216264182696786,11478.45192793555
lyapunov,0,81920,4,7899.816402005517,3327.2943325917067,4572.522069413811,0.5609659751229433,11478.45192793555
lyapunov,0,81920,5,4560.723566139873,3327.2943325917067,1233.429233548166,0.15131951737768065,11478.45192793555
lyapunov,0,81920,6,6293.276854809685,3327.2943325917067,2965.982522217978,0.36387255272163466,11478.45192793555
lyapunov,0,81920,7,2779.8708956656274,3327.2943325917067,-547.4234369260794,-0.06715898085096811,11478.45192793555
lyapunov,0,81920,8,2909.363758800558,3327.2943325917067,-417.9305737911486,-0.051272542439690906,11478.45192793555
lyapunov,0,81920,9,1475.1730273717476,3327.2943325917067,-1852.1213052199591,-0.22722187411156397,11478.45192793555
lyapunov,0,106496,0,397.53801745228776,3327.2943325917067,-2929.756315139419,-0.35942825059026523,11478.45192793555
lyapunov,0,106496,1,1937.7004571687603,3327.2943325917067,-1389.5938754229464,-0.1704781019135541,11478.45192793555
lyapunov,0,106496,2,9795.091748758936,3327.2943325917067,6467.797416167229,0.7934820716836984,11478.45192793555
lyapunov,0,106496,3,6660.19705753156,3327.2943325917067,3332.902724939853,0.408887042796818,11478.45192793555
lyapunov,0,106496,4,10218.619485807358,3327.2943325917067,6891.325153215651,0.845441285088969,11478.45192793555
lyapunov,0,106496,5,8324.83816574484,3327.2943325917067,4997.543833153134,0.6131084786527443,11478.45192793555
lyapunov,0,106496,6,9817.81323017291,3327.2943325917067,6490.5188975812025,0.7962695875850184,11478.45192793555
lyapunov,0,106496,7,7061.001132380815,3327.2943325917067,3733.706799789108,0.45805847275776407,11478.45192793555
lyapunov,0,106496,8,5732.77201586859,3327.2943325917067,2405.477683276883,0.29510871981617026,11478.45192793555
lyapunov,0,106496,9,2572.106335635761,3327.2943325917067,-755.1879969559459,-0.09264794454405853,11478.45192793555
lyapunov,0,131072,0,5362.27162103756,3327.2943325917067,2034.9772884458534,0.24965500475154978,11478.45192793555
lyapunov,0,131072,1,-257.96175921386947,3327.2943325917067,-3585.256091805576,-0.4398462487602648,11478.45192793555
lyapunov,0,131072,2,10244.288929529097,3327.2943325917067,6916.99459693739,0.8485904627877603,11478.45192793555
lyapunov,0,131072,3,5607.656108688754,3327.2943325917067,2280.3617760970474,0.27975925494556636,11478.45192793555
lyapunov,0,131072,4,1620.2268678466603,3327.2943325917067,-1707.0674647450464,-0.20942638448197126,11478.45192793555
lyapunov,0,131072,5,743.1608106198526,3327.2943325917067,-2584.133521971854,-0.31702656848776334,11478.45192793555
lyapunov,0,131072,6,10199.017388660726,3327.2943325917067,6871.72305606902,0.8430364613673146,11478.45192793555
lyapunov,0,131072,7,2546.732514845376,3327.2943325917067,-780.5618177463307,-0.09576085464185446,11478.45192793555
lyapunov,0,131072,8,2324.1503211110644,3327.2943325917067,-1003.1440114806423,-0.12306767469820447,11478.45192793555
lyapunov,0,131072,9,720.6294961907763,3327.2943325917067,-2606.6648364009307,-0.31979075433042,11478.45192793555
lyapunov,0,155648,0,15.533568574080292,3327.2943325917067,-3311.7607640176266,-0.40629330556718696,11478.45192793555
lyapunov,0,155648,1,-266.94146545216466,3327.2943325917067,-3594.2357980438715,-0.44094789673261203,11478.45192793555
lyapunov,0,155648,2,4028.5666757490512,3327.2943325917067,701.2723431573445,0.08603346639646574,11478.45192793555
lyapunov,0,155648,3,10192.880350054143,3327.2943325917067,6865.586017462437,0.8422835574350761,11478.45192793555
lyapunov,0,155648,4,6083.674907027076,3327.2943325917067,2756.3805744353695,0.33815817469554615,11478.45192793555
lyapunov,0,155648,5,2651.2102523112303,3327.2943325917067,-676.0840802804764,-0.0829433209074169,11478.45192793555
lyapunov,0,155648,6,10086.868417395599,3327.2943325917067,6759.574084803892,0.82927780562553,11478.45192793555
lyapunov,0,155648,7,1837.6337785387955,3327.2943325917067,-1489.6605540529113,-0.18275447829901978,11478.45192793555
lyapunov,0,155648,8,10498.720926352136,3327.2943325917067,7171.42659376043,0.8798046791509875,11478.45192793555
lyapunov,0,155648,9,9839.356051771849,3327.2943325917067,6512.061719180142,0.798912503188638,11478.45192793555
lyapunov,0,180224,0,10438.151949139958,3327.2943325917067,7110.857616548251,0.8723739582384944,11478.45192793555
lyapunov,0,180224,1,-276.03541330093003,3327.2943325917067,-3603.3297458926368,-0.44206356008978287,11478.45192793555
lyapunov,0,180224,2,9762.521490868294,3327.2943325917067,6435.227158276587,0.7894862885687638,11478.45192793555
lyapunov,0,180224,3,4743.680404286375,3327.2943325917067,1416.3860716946683,0.17376502109712372,11478.45192793555
lyapunov,0,180224,4,9535.204670474397,3327.2943325917067,6207.91033788269,0.7615986152282486,11478.45192793555
lyapunov,0,180224,5,2192.296231260446,3327.2943325917067,-1134.9981013312608,-0.13924379303380882,11478.45192793555
lyapunov,0,180224,6,10578.907768129513,3327.2943325917067,7251.613435537806,0.8896421581629678,11478.45192793555
lyapunov,0,180224,7,10109.131485331502,3327.2943325917067,6781.837152739795,0.832009082462318,11478.45192793555
lyapunov,0,180224,8,10235.296984935896,3327.2943325917067,6908.002652344189,0.8474873133900314,11478.45192793555
lyapunov,0,180224,9,-240.8604377690979,3327.2943325917067,-3568.154770360805,-0.4377482251062451,11478.45192793555
lyapunov,0,204800,0,5547.107990875995,3327.2943325917067,2219.813658284288,0.2723310931051036,11478.45192793555
lyapunov,0,204800,1,-259.3934050758714,3327.2943325917067,-3586.687737667578,-0.44002188588236435,11478.45192793555
lyapunov,0,204800,2,9961.45985232776,3327.2943325917067,6634.165519736053,0.8138924369112641,11478.45192793555
lyapunov,0,204800,3,10265.629733244528,3327.2943325917067,6938.335400652822,0.8512085944412329,11478.45192793555
lyapunov,0,204800,4,7325.681265146231,3327.2943325917067,3998.3869325545247,0.4905299505370843,11478.45192793555
lyapunov,0,204800,5,10188.91054942967,3327.2943325917067,6861.616216837962,0.8417965345088779,11478.45192793555
lyapunov,0,204800,6,9414.607442500139,3327.2943325917067,6087.313109908432,0.7468035107846354,11478.45192793555
lyapunov,0,204800,7,6456.455319430242,3327.2943325917067,3129.160986838535,0.3838916067874951,11478.45192793555
lyapunov,0,204800,8,10296.39805026281,3327.2943325917067,6969.1037176711025,0.8549833119159732,11478.45192793555
lyapunov,0,204800,9,9841.052396861909,3327.2943325917067,6513.758064270202,0.7991206141311649,11478.45192793555
lyapunov,0,229376,0,4623.510576728667,3327.2943325917067,1296.21624413696,0.15902235097483217,11478.45192793555
lyapunov,0,229376,1,-273.879012513213,3327.2943325917067,-3601.17334510492,-0.44179900861200455,11478.45192793555
lyapunov,0,229376,2,6784.127755689281,3327.2943325917067,3456.8334230975743,0.4240911039001525,11478.45192793555
lyapunov,0,229376,3,8803.201757487897,3327.2943325917067,5475.907424896191,0.6717950622562344,11478.45192793555
lyapunov,0,229376,4,2210.2561075939066,3327.2943325917067,-1117.0382249978002,-0.13704044018224373,11478.45192793555
lyapunov,0,229376,5,9543.947711325933,3327.2943325917067,6216.653378734226,0.7626712286267991,11478.45192793555
lyapunov,0,229376,6,3198.3269257197276,3327.2943325917067,-128.96740687197916,-0.015821974406411525,11478.45192793555
lyapunov,0,229376,7,9803.985110744728,3327.2943325917067,6476.690778153022,0.7945731267738101,11478.45192793555
lyapunov,0,229376,8,9709.53359826979,3327.2943325917067,6382.239265678084,0.7829856299847278,11478.45192793555
lyapunov,0,229376,9,9495.805073500467,3327.2943325917067,6168.51074090876,0.756764995400851,11478.45192793555
lyapunov,0,253952,0,9983.966220382023,3327.2943325917067,6656.671887790316,0.8166535622837336,11478.45192793555
lyapunov,0,253952,1,-259.944918524651,3327.2943325917067,-3587.2392511163575,-0.4400895466338908,11478.45192793555
lyapunov,0,253952,2,9237.349337113012,3327.2943325917067,5910.055004521305,0.7250571387764883,11478.45192793555
lyapunov,0,253952,3,8173.265603398322,3327.2943325917067,4845.971270806615,0.5945132594394015,11478.45192793555
lyapunov,0,253952,4,9972.421377326971,3327.2943325917067,6645.1270447352645,0.8152372182959509,11478.45192793555
lyapunov,0,253952,5,4746.861967318134,3327.2943325917067,1419.567634726427,0.1741553414895531,11478.45192793555
lyapunov,0,253952,6,10214.895896913882,3327.2943325917067,6887.601564322175,0.8449844679008011,11478.45192793555
lyapunov,0,253952,7,10334.401313271872,3327.2943325917067,7007.106980680165,0.8596456267540654,11478.45192793555
lyapunov,0,253952,8,10096.66200913597,3327.2943325917067,6769.367676544262,0.8304793026674671,11478.45192793555
lyapunov,0,253952,9,9855.69569872647,3327.2943325917067,6528.401366134763,0.8009170831224072,11478.45192793555
lyapunov,0,278528,0,8914.302282351813,3327.2943325917067,5587.007949760106,0.6854250925373014,11478.45192793555
lyapunov,0,278528,1,9682.484740577565,3327.2943325917067,6355.190407985859,0.7796672230747255,11478.45192793555
lyapunov,0,278528,2,10011.075548116489,3327.2943325917067,6683.781215524782,0.8199793877771122,11478.45192793555
lyapunov,0,278528,3,9206.590862885696,3327.2943325917067,5879.296530293989,0.7212836288346474,11478.45192793555
lyapunov,0,278528,4,9944.97316380935,3327.2943325917067,6617.678831217644,0.8118698176300709,11478.45192793555
lyapunov,0,278528,5,7798.704105576525,3327.2943325917067,4471.409772984818,0.5485613202952233,11478.45192793555
lyapunov,0,278528,6,10277.743411304076,3327.2943325917067,6950.44907871237,0.8526947242229687,11478.45192793555
lyapunov,0,278528,7,443.47315223044546,3327.2943325917067,-2883.821180361261,-0.353792838167524,11478.45192793555
lyapunov,0,278528,8,2975.002705240721,3327.2943325917067,-352.2916273509859,-0.04321982775906631,11478.45192793555
lyapunov,0,278528,9,10194.167019683046,3327.2943325917067,6866.872687091339,0.8424414085885711,11478.45192793555
lyapunov,0,303104,0,9927.30157213884,3327.2943325917067,6600.007239547133,0.8097018321063415,11478.45192793555
lyapunov,0,303104,1,8266.686619969838,3327.2943325917067,4939.392287378131,0.6059743329700396,11478.45192793555
lyapunov,0,303104,2,6992.368942836463,3327.2943325917067,3665.0746102447565,0.4496385411427581,11478.45192793555
lyapunov,0,303104,3,3824.3168018104784,3327.2943325917067,497.0224692187717,0.060975691286070624,11478.45192793555
lyapunov,0,303104,4,9530.161292808953,3327.2943325917067,6202.866960217246,0.7609798837651608,11478.45192793555
lyapunov,0,303104,5,10050.858023400833,3327.2943325917067,6723.5636908091265,0.8248599798665337,11478.45192793555
lyapunov,0,303104,6,9899.195138742976,3327.2943325917067,6571.9008061512695,0.8062536797348955,11478.45192793555
lyapunov,0,303104,7,9764.879249467453,3327.2943325917067,6437.584916875746,0.7897755430177535,11478.45192793555
lyapunov,0,303104,8,9738.269628888542,3327.2943325917067,6410.975296296835,0.7865110225782461,11478.45192793555
lyapunov,0,303104,9,9854.691737577476,3327.2943325917067,6527.397404985769,0.8007939151996762,11478.45192793555
lyapunov,0,327680,0,9344.415988461395,3327.2943325917067,6017.121655869688,0.738192285543422,11478.45192793555
lyapunov,0,327680,1,9618.182581189296,3327.2943325917067,6290.888248597589,0.7717785080513389,11478.45192793555
lyapunov,0,327680,2,10144.268572030382,3327.2943325917067,6816.974239438675,0.8363197691695214,11478.45192793555
lyapunov,0,327680,3,10221.236840129051,3327.2943325917067,6893.942507537345,0.8457623872503194,11478.45192793555
lyapunov,0,327680,4,93.56669560955291,3327.2943325917067,-3233.727636982154,-0.39672004850361675,11478.45192793555
lyapunov,0,327680,5,10279.31924151067,3327.2943325917067,6952.024908918963,0.8528880501632375,11478.45192793555
lyapunov,0,327680,6,255.99139676002648,3327.2943325917067,-3071.3029358316803,-0.3767934676185498,11478.45192793555
lyapunov,0,327680,7,10070.151387364687,3327.2943325917067,6742.8570547729805,0.8272269275958364,11478.45192793555
lyapunov,0,327680,8,10065.31294943348,3327.2943325917067,6738.018616841774,0.8266333385412735,11478.45192793555
lyapunov,0,327680,9,-226.53493175067302,3327.2943325917067,-3553.8292643423797,-0.4359907439326692,11478.45192793555
lyapunov,0,352256,0,9834.11697797272,3327.2943325917067,6506.822645381014,0.79826976334007,11478.45192793555
lyapunov,0,352256,1,9448.087039109132,3327.2943325917067,6120.792706517425,0.7509108533569359,11478.45192793555
lyapunov,0,352256,2,7888.359493261738,3327.2943325917067,4561.065160670031,0.5595604190889244,11478.45192793555
lyapunov,0,352256,3,6391.881925207917,3327.2943325917067,3064.5875926162107,0.37596961614271995,11478.45192793555
lyapunov,0,352256,4,5149.7113482231,3327.2943325917067,1822.417015631393,0.22357769360867566,11478.45192793555
lyapunov,0,352256,5,9854.438780397786,3327.2943325917067,6527.144447806079,0.8007628819167714,11478.45192793555
lyapunov,0,352256,6,10462.108141651153,3327.2943325917067,7134.813809059447,0.8753129509187416,11478.45192793555
lyapunov,0,352256,7,10191.187197510371,3327.2943325917067,6863.892864918665,0.8420758381603891,11478.45192793555
lyapunov,0,352256,8,9595.766576171292,3327.2943325917067,6268.472243579586,0.7690284685933779,11478.45192793555
lyapunov,0,352256,9,1868.3259557594592,3327.2943325917067,-1458.9683768322475,-0.17898910180397684,11478.45192793555
lyapunov,0,376832,0,10322.501706938889,3327.2943325917067,6995.207374347182,0.858185759711583,11478.45192793555
lyapunov,0,376832,1,9944.426633518928,3327.2943325917067,6617.132300927221,0.8118027682221847,11478.45192793555
lyapunov,0,376832,2,9609.81431884976,3327.2943325917067,6282.519986258053,0.7707518732156574,11478.45192793555
lyapunov,0,376832,3,10062.203844574517,3327.2943325917067,6734.90951198281,0.8262519074595879,11478.45192793555
lyapunov,0,376832,4,7329.338589241709,3327.2943325917067,4002.0442566500024,0.4909786382298751,11478.45192793555
lyapunov,0,376832,5,3692.0591811794284,3327.2943325917067,364.76484858772164,0.044750067002916845,11478.45192793555
lyapunov,0,376832,6,10515.706161915663,3327.2943325917067,7188.411829323956,0.8818884611614279,11478.45192793555
lyapunov,0,376832,7,4426.15970547059,3327.2943325917067,1098.8653728788831,0.13481095904362997,11478.45192793555
lyapunov,0,376832,8,9817.119512994674,3327.2943325917067,6489.825180402967,0.7961844810010718,11478.45192793555
lyapunov,0,376832,9,10464.721143481156,3327.2943325917067,7137.426810889449,0.8756335191078752,11478.45192793555
lyapunov,0,401408,0,9809.164555460728,3327.2943325917067,6481.870222869021,0.7952085512095151,11478.45192793555
lyapunov,0,401408,1,10100.035502311928,3327.2943325917067,6772.7411697202215,0.8308931694264011,11478.45192793555
lyapunov,0,401408,2,9814.084610963084,3327.2943325917067,6486.790278371377,0.7958121532677752,11478.45192793555
lyapunov,0,401408,3,10502.552446466842,3327.2943325917067,7175.258113875135,0.880274737553051,11478.45192793555
lyapunov,0,401408,4,9979.528144563692,3327.2943325917067,6652.233811971985,0.8161090904383701,11478.45192793555
lyapunov,0,401408,5,633.2106561830487,3327.2943325917067,-2694.083676408658,-0.33051546906872153,11478.45192793555
lyapunov,0,401408,6,2305.519760156083,3327.2943325917067,-1021.7745724356237,-0.1253533084544869,11478.45192793555
lyapunov,0,401408,7,8525.270360278018,3327.2943325917067,5197.976027686312,0.6376978933664386,11478.45192793555
lyapunov,0,401408,8,4342.545742211099,3327.2943325917067,1015.2514096193927,0.12455303404694053,11478.45192793555
lyapunov,0,401408,9,9503.502219712593,3327.2943325917067,6176.207887120886,0.7577092963938262,11478.45192793555
lyapunov,0,425984,0,10462.733585144204,3327.2943325917067,7135.439252552497,0.8753896815530912,11478.45192793555
lyapunov,0,425984,1,6752.682216592296,3327.2943325917067,3425.387884000589,0.42023330349262633,11478.45192793555
lyapunov,0,425984,2,10541.97913011248,3327.2943325917067,7214.684797520774,0.8851116804264563,11478.45192793555
lyapunov,0,425984,3,10605.221684478367,3327.2943325917067,7277.92735188666,0.8928704010275956,11478.45192793555
lyapunov,0,425984,4,9752.303152792736,3327.2943325917067,6425.008820201029,0.7882326828134119,11478.45192793555
lyapunov,0,425984,5,10366.90496745155,3327.2943325917067,7039.610634859843,0.8636332387951156,11478.45192793555
lyapunov,0,425984,6,9062.258825147517,3327.2943325917067,5734.9644925558105,0.7035766913803994,11478.45192793555
lyapunov,0,425984,7,8637.97428499772,3327.2943325917067,5310.6799524060125,0.651524631886407,11478.45192793555
lyapunov,0,425984,8,10415.289501925992,3327.2943325917067,7087.9951693342855,0.8695691483763688,11478.45192793555
lyapunov,0,425984,9,9432.808351318436,3327.2943325917067,6105.514018726729,0.749036433974154,11478.45192793555
lyapunov,0,450560,0,9061.013342825501,3327.2943325917067,5733.7190102337945,0.7034238931664899,11478.45192793555
lyapunov,0,450560,1,1486.5015515878524,3327.2943325917067,-1840.7927810038543,-0.22583206854318846,11478.45192793555
lyapunov,0,450560,2,9230.089574450516,3327.2943325917067,5902.795241858809,0.7241664968551799,11478.45192793555
lyapunov,0,450560,3,3154.45860199218,3327.2943325917067,-172.83573059952687,-0.021203826396026422,11478.45192793555
lyapunov,0,450560,4,8284.841379707368,3327.2943325917067,4957.547047115661,0.6082015944998219,11478.45192793555
lyapunov,0,450560,5,10262.217513657868,3327.2943325917067,6934.923181066161,0.8507899766502837,11478.45192793555
lyapunov,0,450560,6,10466.752565913064,3327.2943325917067,7139.4582333213575,0.8758827379958549,11478.45192793555
lyapunov,0,450560,7,10513.217451723864,3327.2943325917067,7185.923119132157,0.8815831413142303,11478.45192793555
lyapunov,0,450560,8,6085.953511049759,3327.2943325917067,2758.6591784580523,0.33843771830585556,11478.45192793555
lyapunov,0,450560,9,9986.6481021917,3327.2943325917067,6659.353769599994,0.8169825808038615,11478.45192793555
lyapunov,0,475136,0,3615.1870494252603,3327.2943325917067,287.89271683355355,0.03531924311740534,11478.45192793555
lyapunov,0,475136,1,9959.437662013032,3327.2943325917067,6632.143329421325,0.8136443506375262,11478.45192793555
lyapunov,0,475136,2,-76.1921214302598,3327.2943325917067,-3403.4864540219664,-0.41754639310968317,11478.45192793555
lyapunov,0,475136,3,10271.19557177138,3327.2943325917067,6943.901239179674,0.8518914224274503,11478.45192793555
lyapunov,0,475136,4,9562.266268367717,3327.2943325917067,6234.9719357760105,0.7649185851311073,11478.45192793555
lyapunov,0,475136,5,6036.468424620149,3327.2943325917067,2709.174092028442,0.3323667908523357,11478.45192793555
lyapunov,0,475136,6,10476.56237716294,3327.2943325917067,7149.268044571233,0.8770862248790279,11478.45192793555
lyapunov,0,475136,7,9981.40800302198,3327.2943325917067,6654.113670430273,0.8163397151608182,11478.45192793555
lyapunov,0,475136,8,-232.88243229655205,3327.2943325917067,-3560.1767648882587,-0.4367694677483792,11478.45192793555
lyapunov,0,475136,9,9723.96299193501,3327.2943325917067,6396.668659343303,0.7847558562985574,11478.45192793555
lyapunov,0,499712,0,9998.90279745035,3327.2943325917067,6671.608464858643,0.8184860108521465,11478.45192793555
lyapunov,0,499712,1,10491.315556071155,3327.2943325917067,7164.021223479448,0.878896173801477,11478.45192793555
lyapunov,0,499712,2,10592.395111006621,3327.2943325917067,7265.100778414914,0.8912968118385584,11478.45192793555
lyapunov,0,499712,3,10285.67631958716,3327.2943325917067,6958.381986995454,0.8536679489691866,11478.45192793555
lyapunov,0,499712,4,10616.073812604705,3327.2943325917067,7288.779480012999,0.8942017613893688,11478.45192793555
lyapunov,0,499712,5,1923.0147881515825,3327.2943325917067,-1404.2795444401243,-0.17227976859017008,11478.45192793555
lyapunov,0,499712,6,10682.459891070432,3327.2943325917067,7355.165558478725,0.9023461356921676,11478.45192793555
lyapunov,0,499712,7,10559.12134245702,3327.2943325917067,7231.827009865313,0.8872147206562548,11478.45192793555
lyapunov,0,499712,8,5853.786188251338,3327.2943325917067,2526.4918556596313,0.3099549758175299,11478.45192793555
lyapunov,0,499712,9,10278.073453174315,3327.2943325917067,6950.779120582608,0.8527352144068888,11478.45192793555
twostep,0,0,0,3521.3279638372824,5170.92394242424,-1649.5959785869572,-0.26152812672644954,11478.45192793555
twostep,0,0,1,1211.8089871394925,5170.92394242424,-3959.1149552847473,-0.6276809177464358,11478.45192793555
twostep,0,0,2,11030.308898583506,5170.92394242424,5859.384956159266,0.9289510833229117,11478.45192793555
twostep,0,0,3,10402.962561771375,5170.92394242424,5232.038619347136,0.8294911462201807,11478.45192793555
twostep,0,0,4,1020.3387610232983,5170.92394242424,-4150.585181400941,-0.6580367443913042,11478.45192793555
twostep,0,0,5,2579.7857049115323,5170.92394242424,-2591.1382375127073,-0.4108009101273705,11478.45192793555
twostep,0,0,6,2217.198950881635,5170.92394242424,-2953.7249915426046,-0.46828567354107103,11478.45192793555
twostep,0,0,7,4046.8442614195988,5170.92394242424,-1124.0796810046409,-0.17821239690231935,11478.45192793555
twostep,0,0,8,5102.494164017522,5170.92394242424,-68.42977840671756,-0.010848906029914585,11478.45192793555
twostep,0,0,9,10576.16917065715,5170.92394242424,5405.2452282329095,0.8569514459217717,11478.45192793555
twostep,0,32768,0,162.66176217359393,5170.92394242424,-5008.2621802506455,-0.7940134694544116,11478.45192793555
twostep,0,32768,1,732.2019211404872,5170.92394242424,-4438.722021283753,-0.703718165147422,11478.45192793555
twostep,0,32768,2,-29.1997763015909,5170.92394242424,-5200.12371872583,-0.8244313350406575,11478.45192793555
twostep,0,32768,3,-230.29382207110487,5170.92394242424,-5401.217764495344,-0.8563129289391792,11478.45192793555
twostep,0,32768,4,9979.78464065539,5170.92394242424,4808.860698231151,0.7624002158238427,11478.45192793555
twostep,0,32768,5,-185.55455159997302,5170.92394242424,-5356.4784940242125,-0.8492199329878641,11478.45192793555
twostep,0,32768,6,-53.17979132851798,5170.92394242424,-5224.103733752758,-0.8282331437806597,11478.45192793555
twostep,0,32768,7,842.236473627992,5170.92394242424,-4328.687468796247,-0.6862732084666407,11478.45192793555
twostep,0,32768,8,-141.13354790510846,5170.92394242424,-5312.057490329348,-0.8421773952789774,11478.45192793555
twostep,0,32768,9,3700.417884040459,5170.92394242424,-1470.5060583837808,-0.23313508263910482,11478.45192793555
twostep,0,57344,0,-88.49181402482083,5170.92394242424,-5259.415756449061,-0.8338315371245844,11478.45192793555
twostep,0,57344,1,373.80723792978324,5170.92394242424,-4797.116704494456,-0.7605383146540327,11478.45192793555
twostep,0,57344,2,1242.8792461508656,5170.92394242424,-3928.044696273374,-0.6227550166520899,11478.45192793555
twostep,0,57344,3,-223.51886018491086,5170.92394242424,-5394.44280260915,-0.8552388216342759,11478.45192793555
twostep,0,57344,4,2322.9752547945654,5170.92394242424,-2847.948687629674,-0.4515158226360677,11478.45192793555
twostep,0,57344,5,345.12143491295035,5170.92394242424,-4825.802507511289,-0.7650861823889326,11478.45192793555
twostep,0,57344,6,1816.7021328498327,5170.92394242424,-3354.221809574407,-0.5317807256261775,11478.45192793555
twostep,0,57344,7,149.32025055960742,5170.92394242424,-5021.603691864632,-0.7961286422515071,11478.45192793555
twostep,0,57344,8,210.41212902962636,5170.92394242424,-4960.5118133946135,-0.7864430921278035,11478.45192793555
twostep,0,57344,9,-24.95905409321528,5170.92394242424,-5195.882996517455,-0.8237590079075169,11478.45192793555
twostep,0,81920,0,250.93742553801707,5170.92394242424,-4919.9865168862225,-0.7800181826236278,11478.45192793555
twostep,0,81920,1,-162.00377338034315,5170.92394242424,-5332.9277158045825,-0.8454861757584085,11478.45192793555
twostep,0,81920,2,636.635776335811,5170.92394242424,-4534.288166088429,-0.7188692901220626,11478.45192793555
twostep,0,81920,3,123.91481392841887,5170.92394242424,-5047.009128495821,-0.800156438352534,11478.45192793555
twostep,0,81920,4,-121.02958051637644,5170.92394242424,-5291.9535229406165,-0.8389900979048358,11478.45192793555
twostep,0,81920,5,-294.1948617864725,5170.92394242424,-5465.118804210712,-0.8664438454966675,11478.45192793555
twostep,0,81920,6,9.845059653842554,5170.92394242424,-5161.078882770397,-0.818241138811813,11478.45192793555
twostep,0,81920,7,122.80898856970248,5170.92394242424,-5048.114953854537,-0.8003317566961198,11478.45192793555
twostep,0,81920,8,36.78208001306721,5170.92394242424,-5134.141862411172,-0.8139705243306994,11478.45192793555
twostep,0,81920,9,-150.07780581890336,5170.92394242424,-5321.001748243143,-0.8435954243282218,11478.45192793555
twostep,0,106496,0,1481.5031770492278,5170.92394242424,-3689.420765375012,-0.5849234079127135,11478.45192793555
twostep,0,106496,1,-186.67419718570463,5170.92394242424,-5357.598139609944,-0.8493974424001293,11478.45192793555
twostep,0,106496,2,457.5424011455772,5170.92394242424,-4713.381541278663,-0.7472628819655275,11478.45192793555
twostep,0,106496,3,62.11343425551026,5170.92394242424,-5108.810508168729,-0.8099544733045899,11478.45192793555
twostep,0,106496,4,-214.58684182487593,5170.92394242424,-5385.510784249115,-0.853822733052642,11478.45192793555
twostep,0,106496,5,120.90569816853231,5170.92394242424,-5050.018244255707,-0.8006335057181203,11478.45192793555
twostep,0,106496,6,-76.85479582630981,5170.92394242424,-5247.778738250549,-0.8319865959331386,11478.45192793555
twostep,0,106496,7,686.1066326798425,5170.92394242424,-4484.817309744397,-0.7110261451610215,11478.45192793555
twostep,0,106496,8,178.62851235134298,5170.92394242424,-4992.295430072897,-0.7914820894570667,11478.45192793555
twostep,0,106496,9,-100.23147172849573,5170.92394242424,-5271.155414152735,-0.8356927508566169,11478.45192793555
twostep,0,131072,0,-209.65885089205577,5170.92394242424,-5380.5827933162955,-0.8530414458441891,11478.45192793555
twostep,0,131072,1,-63.706755409295724,5170.92394242424,-5234.630697833535,-0.8299020961980393,11478.45192793555
twostep,0,131072,2,27.037505153491175,5170.92394242424,-5143.8864372707485,-0.8155154362011525,11478.45192793555
twostep,0,131072,3,-0.17014068306649222,5170.92394242424,-5171.094083107306,-0.8198289558390742,11478.45192793555
twostep,0,131072,4,183.99308326448374,5170.92394242424,-4986.9308591597555,-0.7906315865461618,11478.45192793555
twostep,0,131072,5,107.5180138514752,5170.92394242424,-5063.405928572764,-0.8027559987685969,11478.45192793555
twostep,0,131072,6,-178.39563949205353,5170.92394242424,-5349.319581916293,-0.8480849539400931,11478.45192793555
twostep,0,131072,7,51.126529951022576,5170.92394242424,-5119.797412473217,-0.8116963449741226,11478.45192793555
twostep,0,131072,8,797.3239834671091,5170.92394242424,-4373.59995895713,-0.6933936667915073,11478.45192793555
twostep,0,131072,9,328.6052518460559,5170.92394242424,-4842.318690578184,-0.7677046698696405,11478.45192793555
twostep,0,155648,0,-17.48552977081011,5170.92394242424,-5188.40947219505,-0.8225741500141571,11478.45192793555
twostep,0,155648,1,-78.1910280421429,5170.92394242424,-5249.114970466382,-0.8321984431447071,11478.45192793555
twostep,0,155648,2,177.21042015873314,5170.92394242424,-4993.713522265506,-0.7917069148079239,11478.45192793555
twostep,0,155648,3,54.414934784984105,5170.92394242424,-5116.509007639255,-0.8111749989189018,11478.45192793555
twostep,0,155648,4,303.61098945601157,5170.92394242424,-4867.312952968228,-0.7716672781122824,11478.45192793555
twostep,0,155648,5,102.30734077479784,5170.92394242424,-5068.616601649442,-0.8035821026063953,11478.45192793555
twostep,0,155648,6,328.5467540030719,5170.92394242424,-4842.377188421167,-0.7677139441595221,11478.45192793555
twostep,0,155648,7,-62.88571682668055,5170.92394242424,-5233.80965925092,-0.8297719281537007,11478.45192793555
twostep,0,155648,8,125.62035536668785,5170.92394242424,-5045.303587057551,-0.7998860405926007,11478.45192793555
twostep,0,155648,9,-14.170057490974244,5170.92394242424,-5185.093999915214,-0.822048512666701,11478.45192793555
twostep,0,180224,0,233.24773959449237,5170.92394242424,-4937.676202829747,-0.7828227180900346,11478.45192793555
twostep,0,180224,1,568.711318892912,5170.92394242424,-4602.212623531328,-0.7296380822048177,11478.45192793555
twostep,0,180224,2,-97.65132192658984,5170.92394242424,-5268.5752643508295,-0.8352836920609329,11478.45192793555
twostep,0,180224,3,472.4704461169397,5170.92394242424,-4698.4534963073,-0.7448961790347935,11478.45192793555
twostep,0,180224,4,-207.83677770132982,5170.92394242424,-5378.76072012557,-0.8527525730568432,11478.45192793555
twostep,0,180224,5,74.07773701803423,5170.92394242424,-5096.846205406206,-0.8080576441841946,11478.45192793555
twostep,0,180224,6,406.10981388809716,5170.92394242424,-4764.814128536143,-0.7554170411491995,11478.45192793555
twostep,0,180224,7,1390.2173329425145,5170.92394242424,-3780.706609481725,-0.599395930952156,11478.45192793555
twostep,0,180224,8,636.6370160051329,5170.92394242424,-4534.286926419107,-0.7188690935840013,11478.45192793555
twostep,0,180224,9,286.23381463413887,5170.92394242424,-4884.690127790101,-0.7744222678418616,11478.45192793555
twostep,0,204800,0,795.2865731080826,5170.92394242424,-4375.637369316157,-0.6937166792875886,11478.45192793555
twostep,0,204800,1,322.01204483446634,5170.92394242424,-4848.911897589774,-0.768749961626679,11478.45192793555
twostep,0,204800,2,272.56825289195547,5170.92394242424,-4898.3556895322845,-0.7765888157781384,11478.45192793555
twostep,0,204800,3,-346.5156541122102,5170.92394242424,-5517.43959653645,-0.8747388213473695,11478.45192793555
twostep,0,204800,4,-216.65811842107723,5170.92394242424,-5387.582060845317,-0.8541511147261963,11478.45192793555
twostep,0,204800,5,44.27085150988732,5170.92394242424,-5126.653090914352,-0.8127832491393986,11478.45192793555
twostep,0,204800,6,1858.8442883413873,5170.92394242424,-3312.0796540828524,-0.5250994781419529,11478.45192793555
twostep,0,204800,7,-72.20287752030592,5170.92394242424,-5243.126819944546,-0.8312490774764704,11478.45192793555
twostep,0,204800,8,-62.10264034922207,5170.92394242424,-5233.026582773462,-0.8296477786486756,11478.45192793555
twostep,0,204800,9,-192.52550613477868,5170.92394242424,-5363.4494485590185,-0.8503251131075106,11478.45192793555
twostep,0,229376,0,179.2865043586411,5170.92394242424,-4991.637438065599,-0.7913777709334382,11478.45192793555
twostep,0,229376,1,617.9738336894699,5170.92394242424,-4552.95010873477,-0.7218279678617808,11478.45192793555
twostep,0,229376,2,1373.1884601303036,5170.92394242424,-3797.735482293936,-0.6020957006319144,11478.45192793555
twostep,0,229376,3,34.61723460927462,5170.92394242424,-5136.306707814965,-0.8143137404699575,11478.45192793555
twostep,0,229376,4,-165.83967940115969,5170.92394242424,-5336.763621825399,-0.8460943230435287,11478.45192793555
twostep,0,229376,5,-68.27995363403804,5170.92394242424,-5239.203896058278,-0.8306271343167004,11478.45192793555
twostep,0,229376,6,387.23474942210623,5170.92394242424,-4783.689193002134,-0.7584095073746933,11478.45192793555
twostep,0,229376,7,-76.34746831685779,5170.92394242424,-5247.2714107410975,-0.8319061638667987,11478.45192793555
twostep,0,229376,8,663.0169425855076,5170.92394242424,-4507.906999838732,-0.7146868011491856,11478.45192793555
twostep,0,229376,9,-125.2370813005082,5170.92394242424,-5296.161023724748,-0.839657158089607,11478.45192793555
twostep,0,253952,0,623.8800223033711,5170.92394242424,-4547.043920120868,-0.7208915964930717,11478.45192793555
twostep,0,253952,1,-232.71292859598236,5170.92394242424,-5403.636871020222,-0.8566964558184973,11478.45192793555
twostep,0,253952,2,-47.66711265720444,5170.92394242424,-5218.591055081444,-0.8273591597598037,11478.45192793555
twostep,0,253952,3,388.1589627267723,5170.92394242424,-4782.764979697467,-0.7582629819360994,11478.45192793555
twostep,0,253952,4,274.014950017886,5170.92394242424,-4896.908992406354,-0.7763594553806856,11478.45192793555
twostep,0,253952,5,612.7995362331703,5170.92394242424,-4558.124406191069,-0.7226483046826978,11478.45192793555
twostep,0,253952,6,619.7419189078267,5170.92394242424,-4551.182023516413,-0.7215476543662026,11478.45192793555
twostep,0,253952,7,1711.1583200498103,5170.92394242424,-3459.7656223744293,-0.5485137172237936,11478.45192793555
twostep,0,253952,8,446.14605642912284,5170.92394242424,-4724.777885995117,-0.7490696666109267,11478.45192793555
twostep,0,253952,9,462.17945663606326,5170.92394242424,-4708.7444857881765,-0.7465277198702657,11478.45192793555
twostep,0,278528,0,517.4878755854959,5170.92394242424,-4653.4360668387435,-0.7377590835570047,11478.45192793555
twostep,0,278528,1,478.5324187560823,5170.92394242424,-4692.391523668157,-0.7439351095552594,11478.45192793555
twostep,0,278528,2,-100.21537257385313,5170.92394242424,-5271.139314998093,-0.835690198485121,11478.45192793555
twostep,0,278528,3,-145.90559012311425,5170.92394242424,-5316.829532547354,-0.8429339582666027,11478.45192793555
twostep,0,278528,4,860.2381369977953,5170.92394242424,-4310.685805426444,-0.6834192118758526,11478.45192793555
twostep,0,278528,5,183.46190222884587,5170.92394242424,-4987.4620401953935,-0.7907158003676105,11478.45192793555
twostep,0,278528,6,-154.18793785109727,5170.92394242424,-5325.111880275337,-0.8442470476013937,11478.45192793555
twostep,0,278528,7,-16.36178035372248,5170.92394242424,-5187.285722777962,-0.8223959899775326,11478.45192793555
twostep,0,278528,8,-26.76333577699367,5170.92394242424,-5197.687278201233,-0.8240450600166216,11478.45192793555
twostep,0,278528,9,219.9962695828882,5170.92394242424,-4950.9276728413515,-0.7849236156270638,11478.45192793555
twostep,0,303104,0,423.4293470709963,5170.92394242424,-4747.494595353243,-0.7526711899663056,11478.45192793555
twostep,0,303104,1,46.45329911834823,5170.92394242424,-5124.470643305892,-0.8124372423340183,11478.45192793555
twostep,0,303104,2,696.9284387668365,5170.92394242424,-4473.995503657403,-0.7093104482810177,11478.45192793555
twostep,0,303104,3,-193.58450795280933,5170.92394242424,-5364.508450377049,-0.8504930080134538,11478.45192793555
twostep,0,303104,4,562.0102200502761,5170.92394242424,-4608.9137223739635,-0.7307004792099465,11478.45192793555
twostep,0,303104,5,-183.0507694904504,5170.92394242424,-5353.97471191469,-0.8488229815807713,11478.45192793555
twostep,0,303104,6,372.93513858649214,5170.92394242424,-4797.988803837748,-0.7606765779079027,11478.45192793555
twostep,0,303104,7,-59.59998350294249,5170.92394242424,-5230.523925927182,-0.8292510056416224,11478.45192793555
twostep,0,303104,8,-191.83942246577266,5170.92394242424,-5362.763364890012,-0.8502163409117353,11478.45192793555
twostep,0,303104,9,15.460434018016294,5170.92394242424,-5155.463508406223,-0.8173508733423324,11478.45192793555
twostep,0,327680,0,292.6552947584013,5170.92394242424,-4878.268647665838,-0.7734042017884102,11478.45192793555
twostep,0,327680,1,560.1577526857438,5170.92394242424,-4610.766189738496,-0.7309941707113546,11478.45192793555
twostep,0,327680,2,1026.830450641857,5170.92394242424,-4144.093491782382,-0.6570075472743923,11478.45192793555
twostep,0,327680,3,-14.724874527188739,5170.92394242424,-5185.648816951429,-0.8221364737565925,11478.45192793555
twostep,0,327680,4,245.49327684793647,5170.92394242424,-4925.430665576303,-0.7808813018522262,11478.45192793555
twostep,0,327680,5,-296.7538868364637,5170.92394242424,-5467.677829260703,-0.8668495551590683,11478.45192793555
twostep,0,327680,6,-147.1863224741647,5170.92394242424,-5318.110264898404,-0.8431370064898986,11478.45192793555
twostep,0,327680,7,472.1145475572587,5170.92394242424,-4698.809394866981,-0.7449526034470898,11478.45192793555
twostep,0,327680,8,258.11276376505555,5170.92394242424,-4912.811178659184,-0.7788805993671788,11478.45192793555
twostep,0,327680,9,531.2098149460145,5170.92394242424,-4639.714127478225,-0.7355835974727791,11478.45192793555
twostep,0,352256,0,-135.14596498441006,5170.92394242424,-5306.06990740865,-0.8412281195986311,11478.45192793555
twostep,0,352256,1,-70.44719574923272,5170.92394242424,-5241.371138173472,-0.830970730432299,11478.45192793555
twostep,0,352256,2,323.6393348999112,5170.92394242424,-4847.284607524329,-0.7684919698953818,11478.45192793555
twostep,0,352256,3,237.60748560433268,5170.92394242424,-4933.316456819907,-0.7821315208382486,11478.45192793555
twostep,0,352256,4,-92.23149145836055,5170.92394242424,-5263.1554338826,-0.8344244282606263,11478.45192793555
twostep,0,352256,5,-344.82357116953875,5170.92394242424,-5515.747513593778,-0.8744705573069577,11478.45192793555
twostep,0,352256,6,-112.0929198671293,5170.92394242424,-5283.016862291369,-0.8375732733313486,11478.45192793555
twostep,0,352256,7,-89.62572404277921,5170.92394242424,-5260.549666467019,-0.8340113080301409,11478.45192793555
twostep,0,352256,8,430.7571510334931,5170.92394242424,-4740.166791390747,-0.7515094346830682,11478.45192793555
twostep,0,352256,9,22.528905355776246,5170.92394242424,-5148.395037068463,-0.8162302328389727,11478.45192793555
twostep,0,376832,0,-27.510994766740296,5170.92394242424,-5198.43493719098,-0.824163594407804,11478.45192793555
twostep,0,376832,1,749.4262572520793,5170.92394242424,-4421.49768517216,-0.7009874065763262,11478.45192793555
twostep,0,376832,2,684.6885573727373,5170.92394242424,-4486.235385051503,-0.711250967834839,11478.45192793555
twostep,0,376832,3,1321.4638561368554,5170.92394242424,-3849.460086287384,-0.6102961563578441,11478.45192793555
twostep,0,376832,4,-82.8758184396934,5170.92394242424,-5253.799760863933,-0.8329411731662892,11478.45192793555
twostep,0,376832,5,-298.3457072008088,5170.92394242424,-5469.269649625048,-0.8671019234985745,11478.45192793555
twostep,0,376832,6,84.04654952150612,5170.92394242424,-5086.877392902734,-0.8064771815172369,11478.45192793555
twostep,0,376832,7,-150.93773322483412,5170.92394242424,-5321.861675649074,-0.8437317578344335,11478.45192793555
twostep,0,376832,8,7.457875708159079,5170.92394242424,-5163.466066716081,-0.8186196046625851,11478.45192793555
twostep,0,376832,9,1606.6791976505028,5170.92394242424,-3564.244744773737,-0.5650779120434974,11478.45192793555
twostep,0,401408,0,44.19640749654184,5170.92394242424,-5126.727534927698,-0.812795051546539,11478.45192793555
twostep,0,401408,1,307.0733767748309,5170.92394242424,-4863.850565649409,-0.7711183487494284,11478.45192793555
twostep,0,401408,2,420.4265580662357,5170.92394242424,-4750.497384358004,-0.7531472542836073,11478.45192793555
twostep,0,401408,3,744.5163519150451,5170.92394242424,-4426.407590509194,-0.701765826481483,11478.45192793555
twostep,0,401408,4,604.3952717188591,5170.92394242424,-4566.52867070538,-0.7239807227920243,11478.45192793555
twostep,0,401408,5,-186.3860188695642,5170.92394242424,-5357.309961293804,-0.8493517544036976,11478.45192793555
twostep,0,401408,6,-104.16745625414954,5170.92394242424,-5275.091398678389,-0.8363167646594999,11478.45192793555
twostep,0,401408,7,-23.29538602184502,5170.92394242424,-5194.219328446085,-0.823495248781132,11478.45192793555
twostep,0,401408,8,-83.80288218538291,5170.92394242424,-5254.726824609623,-0.8330881505158423,11478.45192793555
twostep,0,401408,9,-71.25376004319665,5170.92394242424,-5242.177702467437,-0.8310986037125586,11478.45192793555
twostep,0,425984,0,-0.9344806997925375,5170.92394242424,-5171.858423124032,-0.8199501348522091,11478.45192793555
twostep,0,425984,1,553.3796039538145,5170.92394242424,-4617.544338470425,-0.732068783261061,11478.45192793555
twostep,0,425984,2,-113.2656332446521,5170.92394242424,-5284.189575668892,-0.8377591961492942,11478.45192793555
twostep,0,425984,3,162.99888314450848,5170.92394242424,-5007.925059279731,-0.7939600220544738,11478.45192793555
twostep,0,425984,4,211.547746460328,5170.92394242424,-4959.376195963911,-0.7862630505278089,11478.45192793555
twostep,0,425984,5,107.02576984257945,5170.92394242424,-5063.89817258166,-0.8028340394859664,11478.45192793555
twostep,0,425984,6,-354.48864389612083,5170.92394242424,-5525.412586320361,-0.8760028648523623,11478.45192793555
twostep,0,425984,7,2636.656465356933,5170.92394242424,-2534.2674770673066,-0.40178457907548787,11478.45192793555
twostep,0,425984,8,1027.362448003312,5170.92394242424,-4143.561494420927,-0.6569232040320646,11478.45192793555
twostep,0,425984,9,629.1917658552296,5170.92394242424,-4541.73217656901,-0.7200494688698226,11478.45192793555
twostep,0,450560,0,1052.5595397820643,5170.92394242424,-4118.364402642175,-0.6529284390730131,11478.45192793555
twostep,0,450560,1,279.34666663355995,5170.92394242424,-4891.57727579068,-0.7755141612136085,11478.45192793555
twostep,0,450560,2,234.71098640089446,5170.92394242424,-4936.212956023345,-0.7825907338943986,11478.45192793555
twostep,0,450560,3,-90.90253968486566,5170.92394242424,-5261.826482109105,-0.8342137352955952,11478.45192793555
twostep,0,450560,4,-78.2092275560534,5170.92394242424,-5249.133169980293,-0.8322013285086644,11478.45192793555
twostep,0,450560,5,49.583530253816406,5170.92394242424,-5121.340412170423,-0.8119409732501295,11478.45192793555
twostep,0,450560,6,-47.39383012099337,5170.92394242424,-5218.317772545233,-0.8273158333509799,11478.45192793555
twostep,0,450560,7,-173.39744262394407,5170.92394242424,-5344.321385048183,-0.8472925362324272,11478.45192793555
twostep,0,450560,8,297.0899058678132,5170.92394242424,-4873.834036556426,-0.7727011353701723,11478.45192793555
twostep,0,450560,9,-398.7923370275762,5170.92394242424,-5569.716279451815,-0.8830268040605908,11478.45192793555
twostep,0,475136,0,-282.0032574741321,5170.92394242424,-5452.927199898371,-0.8645109798259304,11478.45192793555
twostep,0,475136,1,299.5571262877075,5170.92394242424,-4871.366816136532,-0.7723099804795129,11478.45192793555
twostep,0,475136,2,9.636335396306514,5170.92394242424,-5161.2876070279335,-0.8182742301049445,11478.45192793555
twostep,0,475136,3,-56.938697965293876,5170.92394242424,-5227.862640389533,-0.8288290835283413,11478.45192793555
twostep,0,475136,4,1317.152042022811,5170.92394242424,-3853.771900401429,-0.6109797544525756,11478.45192793555
twostep,0,475136,5,1710.7526642217204,5170.92394242424,-3460.1712782025193,-0.5485780301890246,11478.45192793555
twostep,0,475136,6,-68.22954880646296,5170.92394242424,-5239.1534912307025,-0.8306191430992722,11478.45192793555
twostep,0,475136,7,893.1981397869974,5170.92394242424,-4277.725802637242,-0.6781937094508635,11478.45192793555
twostep,0,475136,8,108.89794914907723,5170.92394242424,-5062.025993275162,-0.8025372228391753,11478.45192793555
twostep,0,475136,9,940.323681608047,5170.92394242424,-4230.6002608161925,-0.670722392332362,11478.45192793555
twostep,0,499712,0,-55.91958538913289,5170.92394242424,-5226.843527813373,-0.8286675126913446,11478.45192793555
twostep,0,499712,1,56.9150114107605,5170.92394242424,-5114.008931013479,-0.8107786349818534,11478.45192793555
twostep,0,499712,2,523.1531135085809,5170.92394242424,-4647.770828915659,-0.7368609126832171,11478.45192793555
twostep,0,499712,3,693.5094385769069,5170.92394242424,-4477.4145038473325,-0.7098524990174142,11478.45192793555
twostep,0,499712,4,22.945569174928522,5170.92394242424,-5147.9783732493115,-0.8161641746589625,11478.45192793555
twostep,0,499712,5,541.3399423505224,5170.92394242424,-4629.584000073717,-0.7339775598259909,11478.45192793555
twostep,0,499712,6,-219.18764183991408,5170.92394242424,-5390.111584264154,-0.8545521471788856,11478.45192793555
twostep,0,499712,7,619.9243096289092,5170.92394242424,-4550.99963279533,-0.7215187380107821,11478.45192793555
twostep,0,499712,8,468.1872443943133,5170.92394242424,-4702.736698029927,-0.7455752409005175,11478.45192793555
twostep,0,499712,9,-236.65545418520895,5170.92394242424,-5407.579396609449,-0.8573215066462793,11478.45192793555
