method,seed,step,mean_return,std_return,min_return,max_return,n_eval_episodes,J0,improvement,norm_improvement,J_ref
base,0,0,785.9808004170143,2004.0438707255162,-846.1244188588012,5761.200064817027,10,785.9808004170143,0.0,0.0,11485.483582540317
base,0,32768,1865.943339836656,3094.4665294679835,-854.2687963583786,7374.422103948968,10,785.9808004170143,1079.9625394196416,0.10093576882124877,11485.483582540317
base,0,57344,867.7535480952538,2782.9080123142553,-854.4117526435363,7073.828072322465,10,785.9808004170143,81.77274767823951,0.007642668013248475,11485.483582540317
base,0,81920,1351.4511467886223,3282.6371525418253,-849.5249863984104,7899.801887518327,10,785.9808004170143,565.470346371608,0.052850151809254536,11485.483582540317
base,0,106496,649.8108648260655,1550.3353984048456,-836.6350504536789,4252.573142465753,10,785.9808004170143,-136.16993559094874,-0.012726753602581822,11485.483582540317
base,0,131072,2633.4116010896205,3223.389871637213,-832.8761390058182,9745.791495690994,10,785.9808004170143,1847.4308006726062,0.17266510772693314,11485.483582540317
base,0,155648,1425.5214411426057,2100.7916468814115,-837.5367148837934,5597.055058087979,10,785.9808004170143,639.5406407255914,0.05977293091921627,11485.483582540317
base,0,180224,1783.5981175673976,1639.3237373146935,-835.0102781384724,4701.042585161245,10,785.9808004170143,997.6173171503833,0.09323959602346753,11485.483582540317
base,0,204800,1323.0887172913517,2044.0242618605923,-829.8025686113721,5198.3320914937,10,785.9808004170143,537.1079168743374,0.050199334283228224,11485.483582540317
base,0,229376,2336.5804690901246,2567.2480934244386,-833.1859672848278,7041.362729560297,10,785.9808004170143,1550.5996686731103,0.14492259127395385,11485.483582540317
base,0,253952,2366.006759419881,2977.437108315618,-831.9989252493527,8202.105012542876,10,785.9808004170143,1580.0259590028666,0.14767283966644656,11485.483582540317
base,0,278528,2416.0767369221417,2193.4838400301414,-837.6051519596614,6382.851391610018,10,785.9808004170143,1630.0959365051274,0.1523524942744381,11485.483582540317
base,0,303104,1715.2101217673019,2920.31794506858,-837.1952596112734,9359.26219325397,10,785.9808004170143,929.2293213502876,0.08684789753183608,11485.483582540317
base,0,327680,784.4517960951322,1355.7257864296446,-840.3758114361802,3439.731613156553,10,785.9808004170143,-1.5290043218820983,-0.0001429042407740526,11485.483582540317
base,0,352256,2775.494060017226,2646.567364610315,-844.1395229325078,7023.072387172388,10,785.9808004170143,1989.5132596002115,0.1859444592825696,11485.483582540317
base,0,376832,1583.572320434216,1961.39278543794,-845.6739577927856,5564.240259992642,10,785.9808004170143,797.5915200172017,0.07454472756203871,11485.483582540317
base,0,401408,2049.9951174276193,2547.8154087163566,-849.2675804775049,9037.082958003266,10,785.9808004170143,1264.014317010605,0.11813766888349042,11485.483582540317
base,0,425984,1532.314715921745,2115.4887656570245,-930.8276124461045,5520.608050106901,10,785.9808004170143,746.3339155047306,0.06975407461755596,11485.483582540317
base,0,450560,1972.7155990964886,2382.524949048583,-856.5410015074468,8003.281785915388,10,785.9808004170143,1186.7347986794744,0.11091494836109135,11485.483582540317
base,0,475136,3506.0703193871436,3854.9467140913066,-865.7835779310276,11293.997792667757,10,785.9808004170143,2720.0895189701296,0.2542257873198202,11485.483582540317
base,0,499712,2529.995023882869,4149.2582988135,-859.4924279616338,11215.8383431729,10,785.9808004170143,1744.014223465855,0.16299955790625606,11485.483582540317
base,1,0,6727.982055801181,4252.466367308169,-447.897562749142,10965.201568297949,10,6727.982055801181,0.0,0.0,11485.483582540317
base,1,32768,8881.840184425559,3230.8053976674682,1589.1376827746162,11304.26801661164,10,6727.982055801181,2153.858128624378,0.45272883593753377,11485.483582540317
base,1,57344,8051.753866719286,3240.0698597008677,2094.953570084969,10969.874508070938,10,6727.982055801181,1323.771810918105,0.2782493716922018,11485.483582540317
base,1,81920,6835.760142674206,4197.907170228922,-316.9451472329383,10781.986918573002,10,6727.982055801181,107.77808687302513,0.022654346245526803,11485.483582540317
base,1,106496,5256.487901305277,4937.091024514331,-454.9830022435725,10825.322617383152,10,6727.982055801181,-1471.4941544959038,-0.30929977550531407,11485.483582540317
base,1,131072,6231.157998319108,4439.226065340802,-459.1621566563945,10838.57182588665,10,6727.982055801181,-496.82405748207293,-0.10442961596234611,11485.483582540317
base,1,155648,8506.109943721467,3681.019741794906,-327.68082326259145,10894.453258624279,10,6727.982055801181,1778.1278879202864,0.3737524575773052,11485.483582540317
base,1,180224,7355.400261103098,3231.7932349533758,-323.1637753608378,10991.795452278684,10,6727.982055801181,627.4182053019176,0.13187976958991746,11485.483582540317
base,1,204800,5607.960108112503,4088.950722862529,-452.0200776714599,11067.728050397516,10,6727.982055801181,-1120.0219476886778,-0.23542229911189022,11485.483582540317
base,1,229376,6377.398438750445,4341.57842996473,-454.20483121345427,11131.811276603135,10,6727.982055801181,-350.5836170507355,-0.07369069983616802,11485.483582540317
base,1,253952,9290.10349325212,2687.0239459506533,3933.49546359747,11212.931082690988,10,6727.982055801181,2562.121437450939,0.5385434818070384,11485.483582540317
base,1,278528,9178.1062433174,2846.142872873496,3549.404241246696,11248.224371680848,10,6727.982055801181,2450.1241875162186,0.5150022912721098,11485.483582540317
base,1,303104,7838.719221036331,4782.144671600466,-334.8040130945968,11123.316247808047,10,6727.982055801181,1110.7371652351503,0.233470690184517,11485.483582540317
base,1,327680,7154.606906043974,4078.2464249104296,-305.1684169167392,11264.062410545252,10,6727.982055801181,426.6248502427934,0.08967413835924386,11485.483582540317
base,1,352256,4266.416981654749,4127.801019953089,-423.1976688979495,10705.463199375252,10,6727.982055801181,-2461.5650741464315,-0.5174071011420607,11485.483582540317
base,1,376832,9542.16271718993,3314.6221593525465,-186.62787912299737,11093.170532582213,10,6727.982055801181,2814.18066138875,0.5915249096569617,11485.483582540317
base,1,401408,9234.018406689946,3046.9375399607998,3052.538402974565,10978.971006520655,10,6727.982055801181,2506.036350888765,0.5267547127997845,11485.483582540317
base,1,425984,9726.370281123236,2802.0477692169907,1396.5834086386335,11009.353399757712,10,6727.982055801181,2998.3882253220554,0.6302443010978814,11485.483582540317
base,1,450560,9754.549369810895,2292.704847955807,3158.283948061035,11028.214488706308,10,6727.982055801181,3026.567314009714,0.6361673866761745,11485.483582540317
base,1,475136,10060.094538191834,2119.830755886892,3742.946218610404,11031.483807201741,10,6727.982055801181,3332.112482390653,0.7003912585129829,11485.483582540317
base,1,499712,8199.670168161358,4117.0191214908655,-333.07202166744264,11031.956650515609,10,6727.982055801181,1471.688112360177,0.30934054435491765,11485.483582540317
base,2,0,3096.9485527866955,3519.990474434465,-405.4714616863962,10489.740289384637,10,3096.9485527866955,0.0,0.0,11485.483582540317
base,2,32768,6810.3114185353825,3674.4868350607467,301.89524547889795,10434.282275247679,10,3096.9485527866955,3713.362865748687,0.4426711996951726,11485.483582540317
base,2,57344,4152.2204384068455,3381.434840686371,-436.2459225538295,10089.232636677758,10,3096.9485527866955,1055.27188562015,0.12579930604704706,11485.483582540317
base,2,81920,4524.760452947953,3358.2339486129404,-431.0741622823885,10219.491871134142,10,3096.9485527866955,1427.8119001612577,0.17020992282045508,11485.483582540317
base,2,106496,3373.5155930316337,3339.483204813326,-418.8401848007728,9747.000531024534,10,3096.9485527866955,276.5670402449382,0.03296964717093058,11485.483582540317
base,2,131072,4877.50515089725,3825.800383623308,-387.26207170113173,11147.55537819432,10,3096.9485527866955,1780.5565981105547,0.2122607334394824,11485.483582540317
base,2,155648,3596.8678882642225,3398.0422046486265,-417.58581083375077,10078.328865181767,10,3096.9485527866955,499.91933547752706,0.059595547213517994,11485.483582540317
base,2,180224,4168.089821466058,3668.6954460371107,-449.35324000974333,10678.756320824355,10,3096.9485527866955,1071.1412686793628,0.12769110038312997,11485.483582540317
base,2,204800,5439.75604781554,3689.851710441841,988.6019780127367,10518.842476043083,10,3096.9485527866955,2342.8074950288446,0.27928684644455354,11485.483582540317
base,2,229376,5058.369504143402,3379.031034037463,-423.6172457179893,10515.274889909953,10,3096.9485527866955,1961.4209513567066,0.2338216320449095,11485.483582540317
base,2,253952,4754.571347721779,3083.3413898258977,-422.4134723762118,9911.71284902533,10,3096.9485527866955,1657.6227949350832,0.197605754623184,11485.483582540317
base,2,278528,4440.648712084871,3605.8421668381984,-153.7681807943465,10434.629156835614,10,3096.9485527866955,1343.700159298175,0.16018293472840844,11485.483582540317
base,2,303104,4251.965080308587,3763.776256078767,-271.11447462053655,11000.48958686148,10,3096.9485527866955,1155.0165275218915,0.1376898973762914,11485.483582540317
base,2,327680,3833.977958781721,3383.305185996117,-241.35011014497252,10322.049576624046,10,3096.9485527866955,737.0294059950256,0.0878615161399417,11485.483582540317
base,2,352256,4239.147165973898,3190.2450585482393,1238.550578959618,10196.331972370615,10,3096.9485527866955,1142.1986131872027,0.13616186962320978,11485.483582540317
base,2,376832,6379.56332596607,3418.320339007117,1510.376771790239,11146.207389262527,10,3096.9485527866955,3282.6147731793744,0.39132157893420233,11485.483582540317
base,2,401408,5065.3881623763855,3341.349215928398,812.8750659278608,10105.911697885664,10,3096.9485527866955,1968.43960958969,0.23465832858456176,11485.483582540317
base,2,425984,8346.477557811075,2875.254910996011,3616.7841865896535,11118.924132703516,10,3096.9485527866955,5249.529005024379,0.6257980667397612,11485.483582540317
base,2,450560,7105.835966244306,2485.435058350883,3587.0360387651244,10227.51763831723,10,3096.9485527866955,4008.887413457611,0.4779007775207985,11485.483582540317
base,2,475136,5680.058266627709,3860.8827094221465,1373.959477360552,11097.63617040764,10,3096.9485527866955,2583.109713841013,0.30793335241146963,11485.483582540317
base,2,499712,5926.971761018943,4088.784560071087,-224.38392324272252,11421.601989465145,10,3096.9485527866955,2830.0232082322473,0.3373679906988479,11485.483582540317
snp,0,0,2826.1042922607826,3740.076267233673,-681.4610094024143,9623.057222729243,10,2826.1042922607826,0.0,0.0,11485.483582540317
snp,0,32768,1126.1426696913593,2232.688295427908,-680.6279371829557,5690.380027658494,10,2826.1042922607826,-1699.9616225694233,-0.19631448922457723,11485.483582540317
snp,0,57344,1949.6956562196574,3766.994499953288,-681.2670356035285,11192.908187012661,10,2826.1042922607826,-876.4086360411252,-0.10120917522618698,11485.483582540317
snp,0,81920,3832.756733232401,4291.357598620715,-672.402989552712,10589.813640253271,10,2826.1042922607826,1006.6524409716185,0.1162499536179657,11485.483582540317
snp,0,106496,3645.055228023141,2700.7767316992363,-558.8178243593858,7318.156999099125,10,2826.1042922607826,818.9509357623583,0.09457386126821889,11485.483582540317
snp,0,131072,396.76504711174783,1224.169764630434,-658.0094261073723,2125.3920817362527,10,2826.1042922607826,-2429.339245149035,-0.28054427037230156,11485.483582540317
snp,0,155648,1799.2911732739653,1882.8186755122679,-653.4253560444766,4403.953271968139,10,2826.1042922607826,-1026.8131189868172,-0.11857814335732746,11485.483582540317
snp,0,180224,2381.723145803325,2820.5553644830666,-652.8356073802805,6482.177782888604,10,2826.1042922607826,-444.38114645745736,-0.05131789837465294,11485.483582540317
snp,0,204800,2358.8672869081192,2931.211709003435,-658.8742090760256,10081.23136545566,10,2826.1042922607826,-467.23700535266335,-0.053957332233177085,11485.483582540317
snp,0,229376,3434.3139564961007,3372.942300123058,-429.91584261722164,9789.385676034022,10,2826.1042922607826,608.2096642353181,0.07023709711478031,11485.483582540317
snp,0,253952,2259.1759640872433,4560.145639992855,-637.5673565578362,10890.721803866665,10,2826.1042922607826,-566.9283281735393,-0.06546985749249568,11485.483582540317
snp,0,278528,3654.380762145748,3637.6255047411396,-641.4108642233828,10646.396336441052,10,2826.1042922607826,828.2764698849655,0.0956507899727969,11485.483582540317
snp,0,303104,3599.326336125099,3567.0539078532333,-516.5695483001978,10512.280252273382,10,2826.1042922607826,773.2220438643162,0.08929301025571115,11485.483582540317
snp,0,327680,4155.723195010978,2860.3786759603922,-545.5370666880467,8059.138361017649,10,2826.1042922607826,1329.6189027501955,0.15354667557860574,11485.483582540317
snp,0,352256,2850.5252813314464,3482.001344526328,-600.3720057988137,10732.595694754747,10,2826.1042922607826,24.420989070663836,0.0028201777805549064,11485.483582540317
snp,0,376832,3401.520243069311,3406.3392358491888,-664.1251319795119,10968.256797725528,10,2826.1042922607826,575.4159508085286,0.06645002273869718,11485.483582540317
snp,0,401408,1713.4137966711176,3717.0706518927823,-675.0677283792826,10995.02935185857,10,2826.1042922607826,-1112.690495589665,-0.12849541037083395,11485.483582540317
snp,0,425984,1450.1896175755621,3553.2217832927627,-670.1181163895669,10930.076283661045,10,2826.1042922607826,-1375.9146746852205,-0.1588929908718563,11485.483582540317
snp,0,450560,2912.139243818835,3684.536546114063,-670.2559826605855,11077.110562572325,10,2826.1042922607826,86.0349515580524,0.009935464040095146,11485.483582540317
snp,0,475136,6363.3428001907905,4300.558187969469,-673.2485649148721,11120.610647879294,10,2826.1042922607826,3537.238507930008,0.408486380945595,11485.483582540317
snp,0,499712,4602.4909249445745,3920.087496280863,-658.2554071993864,10816.602064868563,10,2826.1042922607826,1776.386632683792,0.20514018071395831,11485.483582540317
snp,1,0,4810.997107223799,2922.110906882123,1461.145582756671,11118.47196062069,10,4810.997107223799,0.0,0.0,11485.483582540317
snp,1,32768,6926.005340850842,3980.782377233851,2026.3346090890088,11304.465880917103,10,4810.997107223799,2115.0082336270434,0.3168795443862017,11485.483582540317
snp,1,57344,5796.83682431217,3509.1868734184063,1435.5294467819729,10781.912263761616,10,4810.997107223799,985.8397170883718,0.14770270650580927,11485.483582540317
snp,1,81920,6035.167415210665,4336.07185643675,-351.4130651101357,11098.714605714431,10,4810.997107223799,1224.1703079868666,0.18341041102273017,11485.483582540317
snp,1,106496,5233.925298872841,2652.0927086923684,1679.570817700028,8823.128231508832,10,4810.997107223799,422.9281916490427,0.06336490352474969,11485.483582540317
snp,1,131072,5301.472967756439,3266.7159627570513,-388.4878954315164,10386.959002537245,10,4810.997107223799,490.4758605326406,0.07348518305835595,11485.483582540317
snp,1,155648,7325.320923498688,3672.531042533936,319.9548854003192,10909.045568495489,10,4810.997107223799,2514.3238162748894,0.3767067062307513,11485.483582540317
snp,1,180224,5574.006744459433,3533.377773240256,-275.3044191761254,10518.479390402239,10,4810.997107223799,763.0096372356347,0.11431735459245707,11485.483582540317
snp,1,204800,6211.339656768226,4440.655675189512,-428.9096771121466,10930.355989008209,10,4810.997107223799,1400.3425495444271,0.2098052868206935,11485.483582540317
snp,1,229376,5369.537491776329,3278.935935073829,-325.13050771441254,10447.205567516115,10,4810.997107223799,558.5403845525307,0.08368290003050168,11485.483582540317
snp,1,253952,3205.17814100082,4092.8931559937155,-521.5980617877881,10590.749055714885,10,4810.997107223799,-1605.8189662229788,-0.24059063898338887,11485.483582540317
snp,1,278528,6472.080925679397,4055.5406107664307,-454.4171491432688,11074.28277686283,10,4810.997107223799,1661.0838184555987,0.24887065459638313,11485.483582540317
snp,1,303104,6768.4571383013445,3855.0366068393423,-469.7276748059223,10936.013410503612,10,4810.997107223799,1957.4600310775459,0.29327500145866187,11485.483582540317
snp,1,327680,7882.672229357052,3597.0520483149426,1186.854843530571,11009.43758425744,10,4810.997107223799,3071.6751221332534,0.46021145342531783,11485.483582540317
snp,1,352256,4609.557932602815,4189.29330235505,-467.21753816695946,10935.237566199348,10,4810.997107223799,-201.43917462098398,-0.030180475357282195,11485.483582540317
snp,1,376832,8185.66401227348,3322.2892542301956,-447.2376766805018,10973.500561106754,10,4810.997107223799,3374.666905049681,0.5056069732142262,11485.483582540317
snp,1,401408,5379.593822609281,4025.395536941126,-434.7363106243278,10947.818857327908,10,4810.997107223799,568.5967153854826,0.08518958236009144,11485.483582540317
snp,1,425984,6409.54178584308,3407.5333201461644,-457.5719208423383,10764.715574624619,10,4810.997107223799,1598.5446786192815,0.23950077422307972,11485.483582540317
snp,1,450560,6746.497279632378,3944.630052485051,-382.1794804453968,10838.08894934836,10,4810.997107223799,1935.5001724085796,0.28998488187464777,11485.483582540317
snp,1,475136,7292.686818760958,3047.0339112125635,1760.060737815881,10797.260628971633,10,4810.997107223799,2481.6897115371594,0.3718173256239395,11485.483582540317
snp,1,499712,5895.539201547037,3690.59882170565,-392.05143151340974,10768.211269671709,10,4810.997107223799,1084.5420943232384,0.16249071717675723,11485.483582540317
snp,2,0,5226.905456413774,3690.4522685409697,-599.7881376026157,11011.72661118798,10,5226.905456413774,0.0,0.0,11485.483582540317
snp,2,32768,1668.8474956283983,2743.359180621622,-593.7714836857665,7962.993452424721,10,5226.905456413774,-3558.057960785376,-0.5685089949366762,11485.483582540317
snp,2,57344,6291.345568389294,4115.402358090195,-588.7636490490978,10548.10061242395,10,5226.905456413774,1064.4401119755203,0.17007698719329228,11485.483582540317
snp,2,81920,5305.3644987254565,3967.7489471070244,-581.1776564645558,10029.028999312675,10,5226.905456413774,78.45904231168242,0.01253624077513989,11485.483582540317
snp,2,106496,3096.736539953593,3313.615152544589,-575.045479136145,10051.28554712361,10,5226.905456413774,-2130.168916460181,-0.3403598825789829,11485.483582540317
snp,2,131072,5131.087102119653,3542.631125886806,-575.5302467062226,10429.144550922856,10,5226.905456413774,-95.81835429412149,-0.015309923811419112,11485.483582540317
snp,2,155648,4630.153058465459,3442.5784204509328,-563.9526527175373,9243.00268456478,10,5226.905456413774,-596.7523979483149,-0.09534951642799058,11485.483582540317
snp,2,180224,4825.916697737084,3888.7408567669404,-576.1395239043826,10834.022504837232,10,5226.905456413774,-400.98875867668994,-0.0640702649278572,11485.483582540317
snp,2,204800,6061.803425989335,3239.626149455946,-572.6523774908301,9812.351472629429,10,5226.905456413774,834.8979695755606,0.13340058278682565,11485.483582540317
snp,2,229376,3359.241194926025,3268.129390606431,-575.3928271202423,9453.58577777919,10,5226.905456413774,-1867.6642614877492,-0.29841670480915394,11485.483582540317
snp,2,253952,6384.282189624302,2727.9547796482375,2543.2724326969646,10800.384142457833,10,5226.905456413774,1157.376733210528,0.18492646567662266,11485.483582540317
snp,2,278528,7554.002648390271,3133.906094826051,-562.9261794072638,10526.121782508748,10,5226.905456413774,2327.097191976497,0.37182522047462574,11485.483582540317
snp,2,303104,4929.799081130537,3465.1846553396563,-563.3992935795424,10358.391512093116,10,5226.905456413774,-297.10637528323696,-0.04747186489459792,11485.483582540317
snp,2,327680,5141.1397271762435,4434.463821646654,-564.8387649660428,10699.176405524897,10,5226.905456413774,-85.76572923753065,-0.01370370833365432,11485.483582540317
snp,2,352256,6466.501528193695,3354.015069958209,-569.0810352033666,10995.75392831014,10,5226.905456413774,1239.5960717799207,0.1980635292235375,11485.483582540317
snp,2,376832,5506.5546303131905,4428.947471136382,-579.8261544421231,11092.925204073883,10,5226.905456413774,279.6491738994164,0.044682541021151996,11485.483582540317
snp,2,401408,4977.009032941656,4509.819401772511,-574.1714169182117,11156.522314690785,10,5226.905456413774,-249.89642347211793,-0.039928625703175666,11485.483582540317
snp,2,425984,8717.859002588852,2433.2210790499043,4034.81743963122,11124.558803739952,10,5226.905456413774,3490.9535461750775,0.5577870045345035,11485.483582540317
snp,2,450560,6093.393796618713,3859.546653581629,-585.9142546231111,11129.480829603632,10,5226.905456413774,866.488340204939,0.13844811434874005,11485.483582540317
snp,2,475136,7177.824353990535,3339.108739024333,2442.8660712718474,10823.435612552476,10,5226.905456413774,1950.918897576761,0.31171918891942835,11485.483582540317
snp,2,499712,6377.775412078338,4242.813710914754,-543.4014000112998,11237.162615760151,10,5226.905456413774,1150.8699556645643,0.18388680819950953,11485.483582540317
inject,0,0,1066.2259211795913,2221.131813889452,-846.0535311645832,4782.558945538724,10,785.9808004170143,280.245120762577,0.02619234991037316,11485.483582540317
inject,0,32768,2520.896623903851,4204.68069033629,-850.1887240394557,10633.711187094468,10,785.9808004170143,1734.9158234868366,0.16214920063606875,11485.483582540317
inject,0,57344,1275.1400472325442,3651.5014785928793,-857.434239449903,11052.536083983916,10,785.9808004170143,489.15924681552997,0.045717941920357066,11485.483582540317
inject,0,81920,2526.841205665144,3427.5301704138456,-857.1113142129243,10372.860814092695,10,785.9808004170143,1740.8604052481298,0.16270479484280795,11485.483582540317
inject,0,106496,5477.397292204662,4032.019034746573,-850.7197567992971,10529.676030030625,10,785.9808004170143,4691.416491787648,0.4384705146474266,11485.483582540317
inject,0,131072,3961.2266992844757,4617.7542483228035,-846.2852115794007,10939.701222316777,10,785.9808004170143,3175.2458988674616,0.2967657435330441,11485.483582540317
inject,0,155648,4979.323205148599,4449.8287778811855,-823.8665996299065,11105.652563665699,10,785.9808004170143,4193.342404731585,0.3919193713698443,11485.483582540317
inject,0,180224,2394.636310113868,3485.572962915839,-832.6140101772044,8039.751095412867,10,785.9808004170143,1608.6555096968539,0.15034862295042736,11485.483582540317
inject,0,204800,2831.5933742203933,4196.5382017773345,-835.0153029013794,11087.925547867231,10,785.9808004170143,2045.612573803379,0.19118762948779214,11485.483582540317
inject,0,229376,5620.645285659359,4780.026625689433,-837.6295598632587,11206.352030116519,10,785.9808004170143,4834.664485242344,0.4518587997255562,11485.483582540317
inject,0,253952,4553.958964132477,4479.510816542417,-829.3041420430671,10919.750421712099,10,785.9808004170143,3767.978163715463,0.352163856591432,11485.483582540317
inject,0,278528,3661.6355410969218,4183.598949976531,-826.6823658610859,11057.826300306651,10,785.9808004170143,2875.6547406799073,0.26876526872031636,11485.483582540317
inject,0,303104,5762.236415389585,4720.4257191825045,-820.1092443791941,11156.443631673988,10,785.9808004170143,4976.255614972571,0.46509223053072996,11485.483582540317
inject,0,327680,4324.089193224773,4789.183615922615,-815.4235554186484,10999.457737388437,10,785.9808004170143,3538.1083928077587,0.3306797020875157,11485.483582540317
inject,0,352256,4845.021286622533,4170.160040629436,-815.631447295347,10695.939785634517,10,785.9808004170143,4059.0404862055184,0.37936720691432346,11485.483582540317
inject,0,376832,6408.6200968678095,4527.351285905596,-822.214440120819,10894.184202593573,10,785.9808004170143,5622.639296450795,0.5255047276888024,11485.483582540317
inject,0,401408,7262.695756965237,3799.7725262997365,-823.1844223489256,10880.206826793383,10,785.9808004170143,6476.714956548222,0.6053285921626348,11485.483582540317
inject,0,425984,8675.807921662145,3416.4647131735046,-821.4847078800512,10964.25470626012,10,785.9808004170143,7889.82712124513,0.7374012868794265,11485.483582540317
inject,0,450560,6992.551565077707,4498.47675239576,-827.7730395613708,10826.277389168366,10,785.9808004170143,6206.5707646606925,0.5800802981658673,11485.483582540317
inject,0,475136,7989.647782509763,4187.509790315365,-827.5339045934707,10840.210832841414,10,785.9808004170143,7203.666982092748,0.6732711910178987,11485.483582540317
inject,0,499712,5425.496331341719,4558.309757929614,-824.3362596362776,10860.763584757158,10,785.9808004170143,4639.515530924705,0.4336197321470651,11485.483582540317
inject,1,0,6073.197641444289,4519.222213052737,-447.8997136590062,11175.5492854351,10,6727.982055801181,-654.7844143568918,-0.13763199245215144,11485.483582540317
inject,1,32768,8759.009988749549,3106.557766146047,835.8743619279719,10969.853729511693,10,6727.982055801181,2031.0279329483683,0.42691062128014806,11485.483582540317
inject,1,57344,9953.737446315263,2167.326358721283,3506.4143618425833,11125.926746688372,10,6727.982055801181,3225.755390514082,0.6780355974046377,11485.483582540317
inject,1,81920,7550.354452095598,3697.8842085350575,-231.05330785873616,10979.276710815857,10,6727.982055801181,822.3723962944177,0.17285804145295275,11485.483582540317
inject,1,106496,5331.658573851566,4907.0384615403855,-422.81344748844145,11202.512025752385,10,6727.982055801181,-1396.3234819496147,-0.2934993239220622,11485.483582540317
inject,1,131072,6336.62916696615,3950.690677147469,-420.5333703201891,10819.87743894411,10,6727.982055801181,-391.3528888350311,-0.08226017092232235,11485.483582540317
inject,1,155648,7544.77453245705,3554.272903240107,-210.97849377283208,11161.573713632662,10,6727.982055801181,816.792476655869,0.17168517380256643,11485.483582540317
inject,1,180224,7650.603160570271,3437.2016056931084,-396.9800922075851,11194.237957460196,10,6727.982055801181,922.6211047690904,0.1939297548071496,11485.483582540317
inject,1,204800,9384.596005005302,2215.1592294342777,4321.221177203624,11067.181601405893,10,6727.982055801181,2656.613949204121,0.5584052750618032,11485.483582540317
inject,1,229376,6664.260347963199,4374.879521725816,-232.82757516546647,10862.576708177177,10,6727.982055801181,-63.72170783798174,-0.013393943746827048,11485.483582540317
inject,1,253952,8266.488563662007,3155.149102155158,3668.7410022303943,10982.500182651998,10,6727.982055801181,1538.5065078608268,0.3233853943903949,11485.483582540317
inject,1,278528,9391.981348446157,2718.3338031223684,1701.7083651309395,11012.410262597672,10,6727.982055801181,2663.999292644977,0.559957632617086,11485.483582540317
inject,1,303104,8436.367509815798,3349.086253505642,-270.2939082559872,10921.51326551435,10,6727.982055801181,1708.3854540146176,0.35909299115379956,11485.483582540317
inject,1,327680,9474.147171066828,1954.376479260932,4584.363111027388,10895.60679532102,10,6727.982055801181,2746.1651152656477,0.5772284253097617,11485.483582540317
inject,1,352256,7504.249613225588,4589.015693264817,-463.5103245631905,10968.604699310039,10,6727.982055801181,776.2675574244076,0.16316706424544355,11485.483582540317
inject,1,376832,9508.602609738164,2988.2720200177832,611.1662910319449,10938.10607600752,10,6727.982055801181,2780.620553936983,0.5844707642707561,11485.483582540317
inject,1,401408,8628.195874856556,3573.603929589095,-330.7898519361556,10919.797385668822,10,6727.982055801181,1900.213819055375,0.3994142320240927,11485.483582540317
inject,1,425984,8441.372241805651,4435.220278203192,-459.21522154241416,10881.606162875141,10,6727.982055801181,1713.3901860044707,0.360144957603137,11485.483582540317
inject,1,450560,8329.156828532618,3958.764971976382,-378.8473869992585,10881.179751387845,10,6727.982055801181,1601.1747727314369,0.3365579103644236,11485.483582540317
inject,1,475136,7554.698537641551,3961.1017981273003,-461.8615084768946,10856.780581928648,10,6727.982055801181,826.7164818403708,0.17377114374427613,11485.483582540317
inject,1,499712,6179.38604832196,4690.896679803171,-451.8428437968178,10811.927113654257,10,6727.982055801181,-548.596007479221,-0.11531178797958794,11485.483582540317
inject,2,0,4185.793453111307,4536.619029130602,-428.17018461760347,10882.580416064999,10,3096.9485527866955,1088.8449003246114,0.12980155609206417,11485.483582540317
inject,2,32768,7932.348346380852,2707.351331739969,3443.293217985132,11346.003073788084,10,3096.9485527866955,4835.399793594156,0.5764295882256985,11485.483582540317
inject,2,57344,5012.70985832644,3751.411734518157,-412.71246877894424,11258.779185763597,10,3096.9485527866955,1915.7613055397442,0.2283785307585028,11485.483582540317
inject,2,81920,4157.249164566879,3861.4700061527124,-427.7427303569171,10590.00338310296,10,3096.9485527866955,1060.3006117801833,0.12639878213453995,11485.483582540317
inject,2,106496,4650.43006043858,3092.518548477771,-26.605796468980245,10636.849825399118,10,3096.9485527866955,1553.4815076518844,0.18519103776244475,11485.483582540317
inject,2,131072,5069.517420633232,3307.3796939913277,-66.49544173493334,11244.573164712361,10,3096.9485527866955,1972.5688678465367,0.23515057880962587,11485.483582540317
inject,2,155648,5331.948310321995,3516.613058149836,-403.02700960049026,10595.325690647189,10,3096.9485527866955,2234.9997575353,0.26643505085708735,11485.483582540317
inject,2,180224,6457.996621127904,3658.2298519484652,171.106615089763,10964.553235536541,10,3096.9485527866955,3361.048068341209,0.40067163766010455,11485.483582540317
inject,2,204800,7212.715634813823,3577.066743111728,1459.5716623365506,11191.544346409848,10,3096.9485527866955,4115.767082027128,0.49064193770880277,11485.483582540317
inject,2,229376,8222.15034402912,2572.541555737686,2858.2165421104564,10896.469435110612,10,3096.9485527866955,5125.201791242424,0.6109769789900942,11485.483582540317
inject,2,253952,4208.15535272959,3254.704839732717,-295.5211647326271,9683.961324527816,10,3096.9485527866955,1111.2067999428946,0.13246732544705894,11485.483582540317
inject,2,278528,8172.826769926303,3527.745977197704,-135.65130122092643,11160.01389153491,10,3096.9485527866955,5075.878217139608,0.6050970996164028,11485.483582540317
inject,2,303104,5431.177053626231,3635.0216061964243,579.3789423041746,11156.55529964236,10,3096.9485527866955,2334.2285008395356,0.27826414174607433,11485.483582540317
inject,2,327680,6032.523122332889,3893.513713277224,701.2807365254031,10738.874383687222,10,3096.9485527866955,2935.5745695461937,0.3499508029452031,11485.483582540317
inject,2,352256,7273.804160801961,3689.016887970397,-444.7311690386221,10974.881777757346,10,3096.9485527866955,4176.855608015266,0.4979243208381785,11485.483582540317
inject,2,376832,6527.008004420045,3575.9521646754383,-455.3122269691084,10915.48683206817,10,3096.9485527866955,3430.0594516333495,0.40889850719562354,11485.483582540317
inject,2,401408,8745.059710431642,3321.0074169708964,-301.60328580730715,10932.15155433031,10,3096.9485527866955,5648.111157644947,0.6733131752967745,11485.483582540317
inject,2,425984,8710.046673975883,3481.8637140208266,-412.6629173150043,11078.978029955728,10,3096.9485527866955,5613.098121189188,0.6691392597885962,11485.483582540317
inject,2,450560,7304.463690048117,3377.944050751265,1696.2766265285873,10862.284910387778,10,3096.9485527866955,4207.515137261422,0.5015792533304139,11485.483582540317
inject,2,475136,6429.2092108727065,4698.329695211374,-231.07468604687045,10936.076544396912,10,3096.9485527866955,3332.260658086011,0.39723988108405656,11485.483582540317
inject,2,499712,6868.121973284962,4402.729929450633,-481.82870797381435,10856.795658558713,10,3096.9485527866955,3771.1734204982668,0.44956281480289256,11485.483582540317
